Tiempo,Duración,Temperatura (°C),Evento
00:00,—,34.5,Calentador ON
00:00,16:07,34.5,Fase: Ajuste
04:13,—,150.0,Cruce ↑ SET
04:16,—,151.5,Calentador OFF
04:49,—,158.3,Cresta
05:37,—,150.0,Cruce ↓ SET
05:45,—,148.3,Calentador ON
06:27,—,150.0,Cruce ↑ SET
06:32,—,151.7,Calentador OFF
07:07,—,159.5,Cresta
08:01,—,150.0,Cruce ↓ SET
08:09,—,148.3,Calentador ON
08:51,—,150.0,Cruce ↑ SET
08:55,—,151.6,Calentador OFF
09:32,—,159.5,Cresta
10:26,—,150.0,Cruce ↓ SET
10:33,—,148.5,Calentador ON
11:14,—,150.0,Cruce ↑ SET
11:18,—,151.6,Calentador OFF
11:53,—,159.4,Cresta
12:50,—,150.0,Cruce ↓ SET
12:57,—,148.5,Calentador ON
13:37,—,150.0,Cruce ↑ SET
13:42,—,151.8,Calentador OFF
14:19,—,160.0,Cresta
15:16,—,150.0,Cruce ↓ SET
15:23,—,148.5,Calentador ON
16:03,—,150.0,Cruce ↑ SET
16:07,—,151.5,Calentador OFF
16:07,—,151.5,Fase: Listo
