Reference;Qty;Value;DNP;Exclude from BOM;Exclude from Board;Footprint;Datasheet;;;;;
BZ1;1;Buzzer;;;;Buzzer_Beeper:Buzzer_12x9.5RM7.6;~;;;;;
C1;C2;2;27pf;;;;Capacitor_THT:C_Disc_D5.0mm_W2.5mm_P2.50mm;~;;;;
C3;C4;2;100nf;;;;Capacitor_THT:C_Rect_L10.3mm_W5.0mm_P7.50mm_MKS4;~;;;;
C5;C6;2;0.1uF;;;;Capacitor_THT:C_Disc_D5.0mm_W2.5mm_P2.50mm;~;;;;
C7;1;100nF;;;;Capacitor_THT:C_Disc_D5.0mm_W2.5mm_P2.50mm;~;;;;;
D1;D2;2;SS14;;;;Diode_SMD:D_SMA;https://www.vishay.com/docs/88746/ss12.pdf;;;;
D3;1;1N4004;;;;Diode_THT:D_DO-41_SOD81_P10.16mm_Horizontal;http://www.vishay.com/docs/88503/1n4001.pdf;;;;;
FAN1;H_POWER1;PTC1;PTC2;4;Screw_Terminal_01x02;;;;TerminalBlock:TerminalBlock_MaiXu_MX126-5.0-02P_1x02_P5.00mm;~;;
ISP1;1;Conn_02x05_Odd_Even;;;;Connector_PinHeader_2.54mm:PinHeader_2x05_P2.54mm_Vertical;~;;;;;
J4;1;USB_A;;;;Connector_USB:USB_A_TE_292303-7_Horizontal;~;;;;;
LCD1;1;ST7920-12864B;;;;st7920-12864b-v2:st7920-12864b-v2;https://dfimg.dfrobot.com/enshop/image/data/FIT0021/ST7920.pdf;;;;;
Menu1;1;RotaryEncoder_Switch;;;;Rotary_Encoder:RotaryEncoder_Alps_EC11E-Switch_Vertical_H20mm;~;;;;;
POWER_CONTROL_1;POWER_CONTROL_2;2;Conn_01x05_Pin;;;;Connector_Molex:Molex_KK-254_AE-6410-05A_1x05_P2.54mm_Vertical;~;;;;
PS1;1;HLK-PM01;;;;Converter_ACDC:Converter_ACDC_Hi-Link_HLK-PMxx;https://h.hlktech.com/download/ACDC%E7%94%B5%E6%BA%90%E6%A8%A1%E5%9D%973W%E7%B3%BB%E5%88%97/1/%E6%B5%B7%E5%87%8C%E7%A7%913W%E7%B3%BB%E5%88%97%E7%94%B5%E6%BA%90%E6%A8%A1%E5%9D%97%E8%A7%84%E6%A0%BC%E4%B9%A6V2.8.pdf;;;;;
Q1;Q2;2;BT136-600;;;;Package_TO_SOT_THT:TO-220-3_Vertical;http://www.micropik.com/PDF/BT136-600.pdf;;;;
Q3;1;2N2222;;;;Package_TO_SOT_THT:TO-92_Inline;https://www.onsemi.com/pub/Collateral/2N3903-D.PDF;;;;;
R1;R4;R11;R12;R13;R14;6;10K;;;;Resistor_THT:R_Axial_DIN0309_L9.0mm_D3.2mm_P12.70mm_Horizontal;~
R2;R3;2;330;;;;Resistor_THT:R_Axial_DIN0309_L9.0mm_D3.2mm_P12.70mm_Horizontal;~;;;;
R5;R6;2;220;;;;Resistor_THT:R_Axial_DIN0309_L9.0mm_D3.2mm_P12.70mm_Horizontal;~;;;;
R7;R8;R9;R10;4;100;;;;Resistor_THT:R_Axial_DIN0414_L11.9mm_D4.5mm_P15.24mm_Horizontal;~;;
SW1;1;SW_Push_Dual_x2;;;;Button_Switch_THT:SW_PUSH_6mm_H5mm;~;;;;;
TEMPERATURE_CONTROL1;1;Max31865;;;;Connector_PinHeader_2.54mm:PinHeader_1x08_P2.54mm_Vertical;~;;;;;
U1;1;ATmega16L-8P;;;;Package_DIP:DIP-40_W15.24mm;http://ww1.microchip.com/downloads/en/DeviceDoc/doc2466.pdf;;;;;
U2;U3;2;MOC3021M;;;;Package_DIP:DIP-6_W7.62mm;https://www.onsemi.com/pub/Collateral/MOC3023M-D.PDF;;;;
U4;1;CH340C;;;;Package_SO:SOIC-16_3.9x9.9mm_P1.27mm;https://datasheet.lcsc.com/szlcsc/Jiangsu-Qin-Heng-CH340C_C84681.pdf;;;;;
Y1;1;16Mhz;;;;Crystal:Crystal_HC49-4H_Vertical;~;;;;;