t_s,T_C,SET_C,DU_pct
0.0,67.4,100.0,100.0
0.4499928951263428,67.3,100.0,100.0
1.3890368938446045,67.3,100.0,100.0
2.437344789505005,67.3,100.0,100.0
3.4365007877349854,67.2,100.0,100.0
4.433818817138672,67.1,100.0,100.0
5.430222988128662,67.1,100.0,100.0
6.4259560108184814,67.1,100.0,100.0
7.4192187786102295,67.1,100.0,100.0
8.411518812179565,67.0,100.0,100.0
9.405939817428589,66.9,100.0,100.0
10.40488076210022,66.9,100.0,100.0
11.455128908157349,66.9,100.0,100.0
12.449697017669678,66.9,100.0,100.0
13.253874778747559,66.9,100.0,100.0
13.440494060516357,66.9,100.0,100.0
14.488770961761475,66.9,100.0,100.0
15.443293809890747,66.9,100.0,100.0
16.45383071899414,66.9,100.0,100.0
17.46273183822632,67.0,100.0,100.0
18.415740728378296,67.0,100.0,100.0
19.465584754943848,67.0,100.0,100.0
20.46787977218628,67.0,100.0,100.0
21.464406967163086,67.1,100.0,100.0
22.20667004585266,67.2,100.0,100.0
22.389647006988525,67.2,100.0,100.0
23.383243799209595,67.3,100.0,100.0
24.383219957351685,67.4,100.0,100.0
25.432745933532715,67.5,100.0,100.0
26.38237690925598,67.6,100.0,100.0
27.37923765182495,67.7,100.0,100.0
28.43450903892517,67.8,100.0,100.0
29.383753776550293,68.0,100.0,100.0
30.39181900024414,68.3,100.0,100.0
31.407794713974,68.4,100.0,100.0
32.36392688751221,68.6,100.0,100.0
33.37505888938904,68.8,100.0,100.0
34.42893695831299,69.0,100.0,100.0
35.39117980003357,69.3,100.0,100.0
36.4095139503479,69.6,100.0,100.0
36.74853706359863,69.6,100.0,100.0
37.38830304145813,69.8,100.0,100.0
38.390460729599,70.1,100.0,100.0
39.38998794555664,70.4,100.0,100.0
40.390501737594604,70.7,100.0,100.0
41.44255185127258,71.0,100.0,100.0
42.38920283317566,71.4,100.0,100.0
43.392082929611206,71.7,100.0,100.0
44.44568586349487,72.1,100.0,100.0
45.39671087265015,72.4,100.0,100.0
46.40010476112366,72.8,100.0,100.0
47.404064893722534,73.2,100.0,100.0
48.35758185386658,73.6,100.0,100.0
49.413503885269165,74.0,100.0,100.0
50.4222776889801,74.4,100.0,100.0
51.4267737865448,74.9,100.0,100.0
52.38093376159668,75.4,100.0,100.0
53.39708209037781,75.8,100.0,100.0
54.41522693634033,76.3,100.0,100.0
55.382399797439575,76.8,100.0,100.0
56.39870095252991,77.3,100.0,100.0
57.41156888008118,77.8,100.0,100.0
58.37114691734314,78.3,100.0,100.0
59.385971784591675,78.8,100.0,100.0
60.40313696861267,79.4,100.0,100.0
61.36673402786255,80.0,100.0,100.0
62.421971797943115,80.6,100.0,100.0
63.43004369735718,81.2,100.0,100.0
64.38240790367126,81.8,100.0,100.0
65.4361219406128,82.4,100.0,100.0
66.39177989959717,83.0,100.0,100.0
67.39913177490234,83.7,100.0,100.0
68.40786981582642,84.4,100.0,100.0
69.41324305534363,85.0,100.0,100.0
70.41905403137207,85.7,100.0,100.0
71.37262392044067,86.4,100.0,100.0
72.38529181480408,87.1,100.0,100.0
73.40970373153687,87.8,100.0,100.0
74.37839889526367,88.5,100.0,100.0
75.3937759399414,89.2,100.0,100.0
76.41247391700745,90.0,100.0,100.0
77.374755859375,90.7,100.0,100.0
78.28932499885559,91.3,100.0,100.0
78.43726205825806,91.5,100.0,100.0
79.49320793151855,92.2,100.0,100.0
80.50732684135437,92.9,100.0,100.0
81.474280834198,93.7,100.0,100.0
82.43853187561035,94.4,100.0,100.0
83.5032799243927,95.1,100.0,100.0
84.45616674423218,95.8,100.0,100.0
85.47154593467712,96.7,100.0,100.0
86.48409581184387,97.4,100.0,100.0
87.48933386802673,98.1,100.0,100.0
88.4497230052948,98.9,100.0,100.0
89.45594382286072,99.7,100.0,100.0
90.51595377922058,100.4,100.0,100.0
91.47556281089783,101.1,100.0,100.0
92.48837804794312,101.9,100.0,0.0
93.39803099632263,102.6,100.0,0.0
93.59089183807373,102.8,100.0,0.0
94.54919791221619,103.5,100.0,0.0
95.5628137588501,104.3,100.0,0.0
96.53335380554199,105.0,100.0,0.0
96.8267228603363,105.0,100.0,0.0
97.57694888114929,105.7,100.0,0.0
98.55269074440002,106.5,100.0,0.0
99.57722592353821,107.2,100.0,0.0
100.6003770828247,108.0,100.0,0.0
101.52381777763367,108.7,100.0,0.0
102.54665684700012,109.4,100.0,0.0
103.56897401809692,110.1,100.0,0.0
104.58865284919739,110.8,100.0,0.0
105.61133575439453,111.5,100.0,0.0
106.58287787437439,112.2,100.0,0.0
107.60193395614624,112.8,100.0,0.0
108.568687915802,113.4,100.0,0.0
109.59230995178223,114.0,100.0,0.0
110.60399389266968,114.7,100.0,0.0
111.56783676147461,115.2,100.0,0.0
112.57925605773926,115.7,100.0,0.0
113.54069399833679,116.2,100.0,0.0
114.55156087875366,116.7,100.0,0.0
115.56382584571838,117.2,100.0,0.0
116.57870411872864,117.6,100.0,0.0
117.59258699417114,118.0,100.0,0.0
118.55146169662476,118.4,100.0,0.0
119.57864904403687,118.8,100.0,0.0
120.6070020198822,119.1,100.0,0.0
121.5788688659668,119.5,100.0,0.0
122.59863495826721,119.7,100.0,0.0
123.56694984436035,120.0,100.0,0.0
124.59288597106934,120.2,100.0,0.0
125.61361193656921,120.5,100.0,0.0
126.52896404266357,120.7,100.0,0.0
127.54916596412659,120.9,100.0,0.0
128.57940697669983,121.1,100.0,0.0
129.5462908744812,121.2,100.0,0.0
130.56711173057556,121.4,100.0,0.0
131.5806908607483,121.5,100.0,0.0
132.5404829978943,121.6,100.0,0.0
133.556538105011,121.7,100.0,0.0
134.57150673866272,121.8,100.0,0.0
135.58854484558105,121.9,100.0,0.0
136.60680079460144,121.9,100.0,0.0
137.5202088356018,122.0,100.0,0.0
138.58403778076172,122.0,100.0,0.0
139.5471968650818,122.0,100.0,0.0
140.5761477947235,122.0,100.0,0.0
141.55179381370544,122.0,100.0,0.0
142.57923984527588,122.0,100.0,0.0
143.6116979122162,121.9,100.0,0.0
144.32781195640564,121.8,100.0,0.0
144.4824240207672,122.0,100.0,0.0
145.54687404632568,121.8,100.0,0.0
146.47157979011536,121.8,100.0,0.0
147.49949288368225,121.7,100.0,0.0
148.52321791648865,121.7,100.0,0.0
149.4945318698883,121.6,100.0,0.0
150.51708269119263,121.5,100.0,0.0
151.4803488254547,121.4,100.0,0.0
152.49757480621338,121.4,100.0,0.0
153.51784992218018,121.3,100.0,0.0
154.48758172988892,121.2,100.0,0.0
155.558021068573,121.1,100.0,0.0
156.52506685256958,121.0,100.0,0.0
156.82823991775513,121.0,100.0,0.0
157.54074382781982,120.9,100.0,0.0
158.51034998893738,120.8,100.0,0.0
159.53257489204407,120.6,100.0,0.0
160.54990100860596,120.5,100.0,0.0
161.52263379096985,120.4,100.0,0.0
162.5476429462433,120.3,100.0,0.0
163.47439980506897,120.1,100.0,0.0
164.5063819885254,120.0,100.0,0.0
165.5302288532257,119.9,100.0,0.0
166.56060099601746,119.7,100.0,0.0
167.37866473197937,119.6,100.0,0.0
167.5419638156891,119.6,100.0,0.0
168.5588138103485,119.4,100.0,0.0
169.59432792663574,119.3,100.0,0.0
170.5202338695526,119.1,100.0,0.0
171.4503939151764,119.0,100.0,0.0
171.64901494979858,119.0,100.0,0.0
172.66886281967163,118.8,100.0,0.0
173.63621592521667,118.7,100.0,0.0
174.67144799232483,118.5,100.0,0.0
175.6536648273468,118.4,100.0,0.0
176.6765170097351,118.2,100.0,0.0
177.65697288513184,118.1,100.0,0.0
178.62803506851196,117.9,100.0,0.0
179.60297274589539,117.7,100.0,0.0
180.67630195617676,117.6,100.0,0.0
181.64617800712585,117.5,100.0,0.0
182.6713469028473,117.3,100.0,0.0
183.69504499435425,117.1,100.0,0.0
184.61908292770386,117.0,100.0,0.0
185.64209079742432,116.8,100.0,0.0
186.6709258556366,116.7,100.0,0.0
187.6415410041809,116.5,100.0,0.0
188.66968274116516,116.4,100.0,0.0
189.65174293518066,116.2,100.0,0.0
190.63838481903076,116.1,100.0,0.0
191.6665539741516,115.9,100.0,0.0
192.65062808990479,115.7,100.0,0.0
193.63630485534668,115.5,100.0,0.0
194.67283487319946,115.4,100.0,0.0
195.6490979194641,115.2,100.0,0.0
196.6810348033905,115.1,100.0,0.0
197.66190671920776,115.0,100.0,0.0
198.60209202766418,114.8,100.0,0.0
198.80773973464966,114.8,100.0,0.0
199.57182574272156,114.7,100.0,0.0
199.82698273658752,114.6,100.0,0.0
200.59714603424072,114.4,100.0,0.0
200.853178024292,114.4,100.0,0.0
201.67562985420227,114.3,100.0,0.0
201.88077592849731,114.2,100.0,0.0
202.84884977340698,114.1,100.0,0.0
203.87907195091248,114.0,100.0,0.0
204.85644483566284,113.8,100.0,0.0
205.88548493385315,113.6,100.0,0.0
206.86028695106506,113.5,100.0,0.0
207.88966178894043,113.3,100.0,0.0
208.81968092918396,113.1,100.0,0.0
209.849182844162,113.0,100.0,0.0
210.82707285881042,112.8,100.0,0.0
211.8544738292694,112.7,100.0,0.0
212.8859179019928,112.5,100.0,0.0
213.81224083900452,112.3,100.0,0.0
214.84948182106018,112.1,100.0,0.0
215.88760375976562,112.0,100.0,0.0
216.8730227947235,111.8,100.0,0.0
216.9903109073639,111.8,100.0,0.0
217.82173681259155,111.6,100.0,0.0
218.86312794685364,111.5,100.0,0.0
219.84709191322327,111.4,100.0,0.0
220.88218903541565,111.2,100.0,0.0
221.87136507034302,111.0,100.0,0.0
222.80823397636414,110.9,100.0,0.0
223.8464798927307,110.7,100.0,0.0
224.88699007034302,110.6,100.0,0.0
225.87785696983337,110.4,100.0,0.0
226.85435676574707,110.3,100.0,0.0
227.8818039894104,110.1,100.0,0.0
228.85828709602356,109.9,100.0,0.0
229.88665008544922,109.8,100.0,0.0
230.86493468284607,109.6,100.0,0.0
231.0211639404297,109.6,100.0,0.0
232.0510609149933,109.5,100.0,0.0
233.07612895965576,109.3,100.0,0.0
234.00375080108643,109.1,100.0,0.0
235.088280916214,109.0,100.0,0.0
236.0677490234375,108.8,100.0,0.0
237.0497829914093,108.7,100.0,0.0
238.08053588867188,108.5,100.0,0.0
239.01085877418518,108.3,100.0,0.0
239.9978368282318,108.2,100.0,0.0
241.04196190834045,108.0,100.0,0.0
241.82202100753784,107.9,100.0,0.0
242.04212403297424,107.8,100.0,0.0
242.86859488487244,107.7,100.0,0.0
243.0903947353363,107.7,100.0,0.0
244.07036781311035,107.5,100.0,0.0
245.11272287368774,107.3,100.0,0.0
246.10467195510864,107.1,100.0,0.0
247.09512901306152,106.9,100.0,0.0
247.98719191551208,106.7,100.0,0.0
248.21041202545166,106.7,100.0,0.0
249.18799877166748,106.6,100.0,0.0
250.18197584152222,106.4,100.0,0.0
251.22271990776062,106.2,100.0,0.0
252.2109408378601,106.1,100.0,0.0
253.2058789730072,106.0,100.0,0.0
254.1935338973999,105.7,100.0,0.0
255.23372793197632,105.6,100.0,0.0
256.17318892478943,105.5,100.0,0.0
257.1550168991089,105.3,100.0,0.0
258.1874599456787,105.2,100.0,0.0
259.2185308933258,105.1,100.0,0.0
260.14769196510315,104.9,100.0,0.0
261.23549365997314,104.7,100.0,0.0
262.1665871143341,104.6,100.0,0.0
263.2025818824768,104.5,100.0,0.0
264.2395827770233,104.4,100.0,0.0
265.1708228588104,104.2,100.0,0.0
266.21974182128906,104.1,100.0,0.0
267.210165977478,104.0,100.0,0.0
267.94848895072937,103.8,100.0,0.0
268.1672947406769,103.8,100.0,0.0
269.19940090179443,103.7,100.0,0.0
270.19490790367126,103.5,100.0,0.0
271.1894299983978,103.4,100.0,0.0
272.1387267112732,103.3,100.0,0.0
273.1728627681732,103.2,100.0,0.0
274.16627383232117,103.0,100.0,0.0
275.1626148223877,102.9,100.0,0.0
276.19778394699097,102.8,100.0,0.0
276.82120275497437,102.8,100.0,0.0
277.1491959095001,102.6,100.0,0.0
278.18607997894287,102.5,100.0,0.0
279.17129278182983,102.4,100.0,0.0
280.1580457687378,102.2,100.0,0.0
281.1961078643799,102.1,100.0,0.0
282.0279920101166,102.0,100.0,0.0
282.2504198551178,102.0,100.0,0.0
283.2859208583832,101.8,100.0,0.0
284.27130794525146,101.7,100.0,0.0
285.2109727859497,101.6,100.0,0.0
286.2034647464752,101.5,100.0,0.0
287.24871802330017,101.3,100.0,0.0
288.2488238811493,101.2,100.0,0.0
289.243323802948,101.1,100.0,0.0
290.2390887737274,100.9,100.0,0.0
291.2412807941437,100.8,100.0,0.0
292.28623390197754,100.7,100.0,0.0
293.2338378429413,100.6,100.0,0.0
294.2827157974243,100.5,100.0,0.0
295.2827718257904,100.3,100.0,0.0
296.22690081596375,100.2,100.0,0.0
297.27709197998047,100.1,100.0,0.0
298.2719798088074,100.0,100.0,0.0
299.21812081336975,99.8,100.0,0.0
300.25430965423584,99.7,100.0,0.0
301.0370318889618,99.6,100.0,0.0
301.20531487464905,99.6,100.0,0.0
301.98836398124695,99.5,100.0,0.0
302.1589798927307,99.5,100.0,0.0
303.19792771339417,99.4,100.0,0.0
304.2395167350769,99.2,100.0,0.0
305.17764687538147,99.0,100.0,0.0
306.2157769203186,98.9,100.0,0.0
307.2106578350067,98.8,100.0,0.0
308.25546002388,98.7,100.0,0.0
309.19691801071167,98.6,100.0,0.0
309.32725191116333,98.5,100.0,100.0
310.37612891197205,98.4,100.0,100.0
311.3742320537567,98.3,100.0,100.0
312.3661479949951,98.2,100.0,100.0
313.37163376808167,98.1,100.0,100.0
314.37472677230835,98.0,100.0,100.0
315.42161679267883,97.8,100.0,100.0
316.4217948913574,97.7,100.0,100.0
317.3723428249359,97.6,100.0,100.0
318.3668429851532,97.5,100.0,100.0
319.37414598464966,97.4,100.0,100.0
320.3758478164673,97.4,100.0,100.0
321.427286863327,97.3,100.0,100.0
322.32356691360474,97.2,100.0,100.0
323.4142577648163,97.1,100.0,100.0
324.41780972480774,97.1,100.0,100.0
325.4107937812805,97.1,100.0,100.0
326.3506510257721,97.1,100.0,100.0
327.39489674568176,97.1,100.0,100.0
327.5689079761505,97.1,100.0,100.0
328.510214805603,97.1,100.0,100.0
329.5069668292999,97.2,100.0,100.0
330.55240392684937,97.2,100.0,100.0
331.5942907333374,97.3,100.0,100.0
332.43698596954346,97.4,100.0,100.0
332.6613848209381,97.4,100.0,100.0
333.7042500972748,97.6,100.0,100.0
334.6986758708954,97.7,100.0,100.0
335.69156289100647,97.9,100.0,100.0
336.68370389938354,98.1,100.0,100.0
336.8579978942871,98.1,100.0,100.0
337.59513783454895,98.3,100.0,100.0
337.76966977119446,98.3,100.0,100.0
338.81389570236206,98.5,100.0,100.0
339.80763387680054,98.7,100.0,100.0
340.8018069267273,99.0,100.0,100.0
341.800274848938,99.3,100.0,100.0
342.748046875,99.6,100.0,100.0
343.80165791511536,100.0,100.0,100.0
344.8060758113861,100.3,100.0,100.0
345.76632475852966,100.7,100.0,100.0
346.8206686973572,101.0,100.0,100.0
347.8254849910736,101.4,100.0,100.0
348.7788529396057,101.8,100.0,0.0
349.7880029678345,102.2,100.0,0.0
350.6347198486328,102.6,100.0,0.0
350.8689329624176,102.8,100.0,0.0
351.86330580711365,103.2,100.0,0.0
352.8707218170166,103.7,100.0,0.0
353.8273389339447,104.2,100.0,0.0
354.8827130794525,104.7,100.0,0.0
355.88477897644043,105.2,100.0,0.0
356.84181094169617,105.7,100.0,0.0
357.8892557621002,106.2,100.0,0.0
358.8884868621826,106.8,100.0,0.0
359.8872458934784,107.3,100.0,0.0
360.83296394348145,107.8,100.0,0.0
361.8832187652588,108.3,100.0,0.0
362.8768138885498,108.9,100.0,0.0
363.8710618019104,109.3,100.0,0.0
364.87008571624756,109.9,100.0,0.0
365.871946811676,110.4,100.0,0.0
366.8182408809662,110.8,100.0,0.0
367.8226070404053,111.3,100.0,0.0
368.8845648765564,111.7,100.0,0.0
369.89666199684143,112.2,100.0,0.0
370.8055908679962,112.5,100.0,0.0
371.8666548728943,112.9,100.0,0.0
372.8291618824005,113.3,100.0,0.0
373.83866596221924,113.7,100.0,0.0
374.8499240875244,114.0,100.0,0.0
375.85974073410034,114.3,100.0,0.0
376.81873893737793,114.6,100.0,0.0
377.8802139759064,114.9,100.0,0.0
378.8413097858429,115.1,100.0,0.0
379.8919768333435,115.3,100.0,0.0
380.8918137550354,115.6,100.0,0.0
381.8933517932892,115.8,100.0,0.0
382.8987948894501,116.0,100.0,0.0
383.8461890220642,116.2,100.0,0.0
384.84703302383423,116.3,100.0,0.0
385.7470598220825,116.4,100.0,0.0
385.8878598213196,116.4,100.0,0.0
386.7479999065399,116.5,100.0,0.0
386.9373617172241,116.6,100.0,0.0
387.7836928367615,116.7,100.0,0.0
387.9697337150574,116.7,100.0,0.0
388.9741680622101,116.8,100.0,0.0
389.92988085746765,116.9,100.0,0.0
390.84437799453735,117.0,100.0,0.0
391.03759479522705,117.0,100.0,0.0
392.0394060611725,117.0,100.0,0.0
393.0568869113922,117.1,100.0,0.0
394.01875710487366,117.1,100.0,0.0
395.081209897995,117.1,100.0,0.0
396.0451760292053,117.1,100.0,0.0
396.8476309776306,117.1,100.0,0.0
397.04181480407715,117.2,100.0,0.0
398.0430760383606,117.1,100.0,0.0
399.05687189102173,117.1,100.0,0.0
400.0739598274231,117.1,100.0,0.0
401.03834891319275,117.0,100.0,0.0
402.0510079860687,117.0,100.0,0.0
403.013867855072,116.9,100.0,0.0
404.06813383102417,116.9,100.0,0.0
405.02498602867126,116.8,100.0,0.0
406.0799038410187,116.8,100.0,0.0
407.0841269493103,116.7,100.0,0.0
407.9895839691162,116.6,100.0,0.0
409.04588985443115,116.5,100.0,0.0
409.794912815094,116.4,100.0,0.0
409.9945697784424,116.4,100.0,0.0
410.9974310398102,116.4,100.0,0.0
412.004930973053,116.3,100.0,0.0
412.95756793022156,116.2,100.0,0.0
413.9776608943939,116.1,100.0,0.0
414.9995377063751,116.0,100.0,0.0
415.96194672584534,115.8,100.0,0.0
417.03157591819763,115.7,100.0,0.0
417.945858001709,115.6,100.0,0.0
418.9677429199219,115.5,100.0,0.0
419.98315382003784,115.4,100.0,0.0
420.79614782333374,115.3,100.0,0.0
420.98193192481995,115.3,100.0,0.0
422.0386688709259,115.2,100.0,0.0
423.00490379333496,115.1,100.0,0.0
424.0225238800049,114.9,100.0,0.0
424.942902803421,114.8,100.0,0.0
426.0020968914032,114.7,100.0,0.0
427.0117988586426,114.6,100.0,0.0
428.0184597969055,114.4,100.0,0.0
428.97578287124634,114.3,100.0,0.0
430.0414979457855,114.1,100.0,0.0
431.0023229122162,114.0,100.0,0.0
431.961630821228,113.9,100.0,0.0
432.9749958515167,113.8,100.0,0.0
433.9839720726013,113.6,100.0,0.0
434.9494860172272,113.5,100.0,0.0
435.8684368133545,113.4,100.0,0.0
436.1200807094574,113.3,100.0,0.0
437.07347297668457,113.2,100.0,0.0
438.13386583328247,113.0,100.0,0.0
439.1019809246063,112.9,100.0,0.0
440.122554063797,112.8,100.0,0.0
440.99227380752563,112.6,100.0,0.0
441.2447428703308,112.7,100.0,0.0
442.201632976532,112.5,100.0,0.0
443.1752419471741,112.4,100.0,0.0
444.24339604377747,112.2,100.0,0.0
445.2130947113037,112.1,100.0,0.0
446.2306258678436,112.0,100.0,0.0
447.256041765213,111.8,100.0,0.0
448.22063994407654,111.6,100.0,0.0
449.1956088542938,111.5,100.0,0.0
450.26461482048035,111.4,100.0,0.0
451.2306139469147,111.2,100.0,0.0
452.23891496658325,111.0,100.0,0.0
453.2482590675354,110.9,100.0,0.0
454.2599449157715,110.8,100.0,0.0
455.2212347984314,110.7,100.0,0.0
456.1817829608917,110.5,100.0,0.0
456.8359799385071,110.5,100.0,0.0
457.1907618045807,110.4,100.0,0.0
458.1964159011841,110.2,100.0,0.0
458.38566493988037,110.2,100.0,0.0
459.39469289779663,110.1,100.0,0.0
460.4031207561493,109.9,100.0,0.0
461.41514897346497,109.8,100.0,0.0
462.3746747970581,109.6,100.0,0.0
463.38660192489624,109.5,100.0,0.0
464.3983416557312,109.4,100.0,0.0
465.3658359050751,109.2,100.0,0.0
466.38345074653625,109.0,100.0,0.0
466.5350298881531,109.0,100.0,0.0
467.55286598205566,108.9,100.0,0.0
468.5616807937622,108.8,100.0,0.0
469.4262409210205,108.7,100.0,0.0
469.62846207618713,108.6,100.0,0.0
470.6397178173065,108.5,100.0,0.0
471.66782569885254,108.3,100.0,0.0
472.6388530731201,108.2,100.0,0.0
473.62339091300964,108.1,100.0,0.0
474.60456800460815,107.9,100.0,0.0
475.5844509601593,107.7,100.0,0.0
476.6545808315277,107.6,100.0,0.0
477.58065605163574,107.5,100.0,0.0
478.64617371559143,107.3,100.0,0.0
479.62053084373474,107.2,100.0,0.0
480.6351988315582,107.0,100.0,0.0
481.64512491226196,106.9,100.0,0.0
482.60531878471375,106.8,100.0,0.0
483.6113169193268,106.7,100.0,0.0
484.63537883758545,106.5,100.0,0.0
485.60053968429565,106.3,100.0,0.0
486.6660349369049,106.2,100.0,0.0
487.62859988212585,106.1,100.0,0.0
488.63960003852844,105.9,100.0,0.0
489.65414786338806,105.8,100.0,0.0
490.6245288848877,105.7,100.0,0.0
491.6491389274597,105.5,100.0,0.0
492.62604880332947,105.4,100.0,0.0
493.6029460430145,105.2,100.0,0.0
494.6744318008423,105.1,100.0,0.0
495.65263080596924,105.0,100.0,0.0
496.6287159919739,104.8,100.0,0.0
497.6060457229614,104.7,100.0,0.0
498.633455991745,104.5,100.0,0.0
499.6598467826843,104.4,100.0,0.0
500.6338737010956,104.3,100.0,0.0
501.61331486701965,104.1,100.0,0.0
502.62980794906616,104.0,100.0,0.0
503.59756779670715,103.8,100.0,0.0
504.66694498062134,103.7,100.0,0.0
505.585825920105,103.6,100.0,0.0
506.6575679779053,103.5,100.0,0.0
507.668781042099,103.3,100.0,0.0
508.63448905944824,103.2,100.0,0.0
508.7834937572479,103.2,100.0,0.0
509.81511068344116,103.1,100.0,0.0
510.8335828781128,103.0,100.0,0.0
511.75074768066406,102.8,100.0,0.0
512.7710528373718,102.6,100.0,0.0
513.781888961792,102.5,100.0,0.0
514.8028309345245,102.4,100.0,0.0
515.7821590900421,102.2,100.0,0.0
516.8132598400116,102.2,100.0,0.0
516.974693775177,102.2,100.0,0.0
517.8044319152832,102.0,100.0,0.0
518.8331120014191,101.9,100.0,0.0
519.8116798400879,101.7,100.0,0.0
520.8398649692535,101.6,100.0,0.0
521.7688429355621,101.5,100.0,0.0
522.8002557754517,101.4,100.0,0.0
523.8323738574982,101.2,100.0,0.0
524.7510409355164,101.2,100.0,0.0
524.9608469009399,101.1,100.0,0.0
525.9248487949371,101.0,100.0,0.0
526.9071269035339,100.9,100.0,0.0
527.9355907440186,100.8,100.0,0.0
528.9632818698883,100.7,100.0,0.0
529.9460618495941,100.5,100.0,0.0
530.9727919101715,100.4,100.0,0.0
531.9405868053436,100.3,100.0,0.0
532.9615108966827,100.2,100.0,0.0
533.9328589439392,100.0,100.0,0.0
534.957053899765,99.9,100.0,0.0
535.7250239849091,99.8,100.0,0.0
535.8867878913879,99.8,100.0,0.0
536.7127559185028,99.7,100.0,0.0
536.9291298389435,99.7,100.0,0.0
537.9488658905029,99.6,100.0,0.0
538.9711039066315,99.4,100.0,0.0
539.9970407485962,99.3,100.0,0.0
540.9180779457092,99.2,100.0,0.0
541.9533910751343,99.0,100.0,0.0
542.9863958358765,98.9,100.0,0.0
543.9707469940186,98.8,100.0,0.0
545.0028078556061,98.7,100.0,0.0
545.98703789711,98.5,100.0,100.0
546.9163339138031,98.4,100.0,100.0
547.951534986496,98.3,100.0,100.0
548.9883229732513,98.2,100.0,100.0
549.9715039730072,98.1,100.0,100.0
550.958399772644,98.0,100.0,100.0
551.9945259094238,97.8,100.0,100.0
552.9770269393921,97.7,100.0,100.0
553.9606697559357,97.6,100.0,100.0
554.982095003128,97.6,100.0,100.0
555.7024068832397,97.5,100.0,100.0
555.8555047512054,97.5,100.0,100.0
556.946240901947,97.4,100.0,100.0
557.870757818222,97.3,100.0,100.0
558.9486458301544,97.3,100.0,100.0
559.8714888095856,97.2,100.0,100.0
560.9487648010254,97.2,100.0,100.0
561.9262478351593,97.2,100.0,100.0
562.9007458686829,97.2,100.0,100.0
563.8803057670593,97.2,100.0,100.0
564.8663108348846,97.2,100.0,100.0
565.9539639949799,97.2,100.0,100.0
566.8897619247437,97.3,100.0,100.0
567.8780229091644,97.4,100.0,100.0
568.861485004425,97.5,100.0,100.0
569.9021129608154,97.6,100.0,100.0
570.9391889572144,97.7,100.0,100.0
571.9257378578186,97.9,100.0,100.0
572.9134798049927,98.0,100.0,100.0
573.9000709056854,98.2,100.0,100.0
574.8848779201508,98.5,100.0,100.0
575.9123959541321,98.7,100.0,100.0
576.8948669433594,98.9,100.0,100.0
577.0501098632812,98.9,100.0,100.0
577.8765707015991,99.2,100.0,100.0
578.906252861023,99.5,100.0,100.0
579.9373059272766,99.8,100.0,100.0
580.8651897907257,100.1,100.0,100.0
581.8963530063629,100.5,100.0,100.0
582.8717160224915,100.9,100.0,100.0
583.9063489437103,101.2,100.0,100.0
584.8831388950348,101.6,100.0,0.0
585.9261617660522,102.1,100.0,0.0
586.9187829494476,102.5,100.0,0.0
587.8996877670288,103.0,100.0,0.0
588.8913447856903,103.5,100.0,0.0
589.929694890976,104.0,100.0,0.0
590.8692710399628,104.4,100.0,0.0
591.9088287353516,104.9,100.0,0.0
592.9474527835846,105.4,100.0,0.0
593.8860237598419,106.0,100.0,0.0
594.8762600421906,106.5,100.0,0.0
595.9161157608032,107.0,100.0,0.0
596.8999328613281,107.5,100.0,0.0
597.8799679279327,108.0,100.0,0.0
598.8606340885162,108.6,100.0,0.0
599.9456679821014,109.1,100.0,0.0
600.875608921051,109.6,100.0,0.0
601.8575620651245,110.1,100.0,0.0
602.8417088985443,110.5,100.0,0.0
603.0056040287018,110.7,100.0,0.0
603.7887988090515,111.0,100.0,0.0
604.0126488208771,111.1,100.0,0.0
605.0415499210358,111.6,100.0,0.0
606.0266737937927,111.9,100.0,0.0
607.0081379413605,112.4,100.0,0.0
608.0421297550201,112.7,100.0,0.0
609.0243570804596,113.1,100.0,0.0
610.0225248336792,113.5,100.0,0.0
610.9659788608551,113.8,100.0,0.0
611.1899597644806,113.8,100.0,0.0
612.1674218177795,114.2,100.0,0.0
613.2153120040894,114.4,100.0,0.0
614.2016067504883,114.7,100.0,0.0
615.1943137645721,115.0,100.0,0.0
616.1364328861237,115.2,100.0,0.0
616.3030588626862,115.2,100.0,0.0
617.2950358390808,115.4,100.0,0.0
618.3370668888092,115.6,100.0,0.0
619.2835249900818,115.8,100.0,0.0
620.3201529979706,116.0,100.0,0.0
621.3170537948608,116.1,100.0,0.0
622.3051047325134,116.2,100.0,0.0
623.3491199016571,116.3,100.0,0.0
624.294597864151,116.4,100.0,0.0
625.2863919734955,116.4,100.0,0.0
626.2837688922882,116.5,100.0,0.0
627.3249850273132,116.6,100.0,0.0
628.106271982193,116.7,100.0,0.0
628.3739597797394,116.7,100.0,0.0
629.3030650615692,116.8,100.0,0.0
630.3431689739227,116.8,100.0,0.0
631.3309469223022,116.8,100.0,0.0
632.2174079418182,116.9,100.0,0.0
632.432788848877,116.8,100.0,0.0
633.4189479351044,116.8,100.0,0.0
634.4545969963074,116.8,100.0,0.0
635.2891759872437,116.8,100.0,0.0
635.5097298622131,116.8,100.0,0.0
636.4938819408417,116.7,100.0,0.0
636.8697259426117,116.7,100.0,0.0
637.5084028244019,116.7,100.0,0.0
638.5458359718323,116.7,100.0,0.0
639.4835398197174,116.6,100.0,0.0
640.5251939296722,116.5,100.0,0.0
641.5125470161438,116.4,100.0,0.0
642.5079007148743,116.4,100.0,0.0
643.5076787471771,116.3,100.0,0.0
644.512158870697,116.2,100.0,0.0
645.5151028633118,116.1,100.0,0.0
646.5630288124084,116.0,100.0,0.0
647.5086319446564,115.9,100.0,0.0
648.3509209156036,115.8,100.0,0.0
648.5821228027344,115.8,100.0,0.0
649.6173088550568,115.7,100.0,0.0
650.4095590114594,115.6,100.0,0.0
650.6357998847961,115.6,100.0,0.0
651.6219158172607,115.5,100.0,0.0
652.621857881546,115.4,100.0,0.0
653.4691638946533,115.3,100.0,0.0
653.687558889389,115.3,100.0,0.0
654.5201089382172,115.2,100.0,0.0
654.7423498630524,115.2,100.0,0.0
655.5232858657837,115.1,100.0,0.0
655.7428178787231,115.1,100.0,0.0
656.7809009552002,114.9,100.0,0.0
657.7238068580627,114.8,100.0,0.0
658.6103608608246,114.8,100.0,0.0
658.7806129455566,114.7,100.0,0.0
659.8304717540741,114.6,100.0,0.0
660.7648918628693,114.4,100.0,0.0
661.651524066925,114.4,100.0,0.0
661.8750777244568,114.3,100.0,0.0
662.9088218212128,114.2,100.0,0.0
663.8968858718872,114.1,100.0,0.0
664.8880717754364,113.9,100.0,0.0
665.8816978931427,113.8,100.0,0.0
666.9257037639618,113.7,100.0,0.0
667.866702079773,113.6,100.0,0.0
668.8625798225403,113.4,100.0,0.0
669.8546059131622,113.2,100.0,0.0
670.8970947265625,113.1,100.0,0.0
671.8866858482361,113.0,100.0,0.0
672.8436059951782,112.8,100.0,0.0
673.9033336639404,112.7,100.0,0.0
674.8460998535156,112.6,100.0,0.0
675.8997738361359,112.5,100.0,0.0
676.8534798622131,112.4,100.0,0.0
677.9080429077148,112.2,100.0,0.0
678.8593447208405,112.1,100.0,0.0
679.9120607376099,111.9,100.0,0.0
680.6092426776886,111.8,100.0,0.0
680.8363108634949,111.8,100.0,0.0
681.8250968456268,111.6,100.0,0.0
682.8213617801666,111.6,100.0,0.0
683.8673577308655,111.4,100.0,0.0
684.8082768917084,111.2,100.0,0.0
685.8569228649139,111.1,100.0,0.0
686.8522820472717,111.0,100.0,0.0
687.84783411026,110.8,100.0,0.0
688.7929549217224,110.7,100.0,0.0
689.8392918109894,110.5,100.0,0.0
690.7840948104858,110.4,100.0,0.0
691.8421716690063,110.3,100.0,0.0
692.8508257865906,110.1,100.0,0.0
693.8560109138489,110.0,100.0,0.0
694.8613369464874,109.8,100.0,0.0
695.8072159290314,109.7,100.0,0.0
696.8545467853546,109.5,100.0,0.0
697.0416040420532,109.5,100.0,0.0
697.8452298641205,109.4,100.0,0.0
698.8139228820801,109.3,100.0,0.0
699.8676838874817,109.1,100.0,0.0
700.8209357261658,109.0,100.0,0.0
701.8389759063721,108.9,100.0,0.0
702.7925069332123,108.7,100.0,0.0
703.8001668453217,108.5,100.0,0.0
708.2810499668121,108.5,100.0,0.0
708.2844889163971,108.4,100.0,0.0
708.2872488498688,108.2,100.0,0.0
708.2898280620575,108.1,100.0,0.0
708.292329788208,108.0,100.0,0.0
708.8380279541016,107.8,100.0,0.0
709.8360579013824,107.7,100.0,0.0
710.8332698345184,107.6,100.0,0.0
711.7826628684998,107.5,100.0,0.0
712.7872278690338,107.2,100.0,0.0
713.7900657653809,107.2,100.0,0.0
714.8514459133148,107.0,100.0,0.0
715.8627109527588,106.9,100.0,0.0
716.8238198757172,106.7,100.0,0.0
717.831967830658,106.6,100.0,0.0
718.7903888225555,106.5,100.0,0.0
719.796336889267,106.4,100.0,0.0
720.8037898540497,106.2,100.0,0.0
721.8600130081177,106.1,100.0,0.0
722.8166728019714,105.9,100.0,0.0
723.8268749713898,105.8,100.0,0.0
724.8240790367126,105.7,100.0,0.0
725.8252708911896,105.6,100.0,0.0
726.8274307250977,105.4,100.0,0.0
727.8327689170837,105.3,100.0,0.0
728.7311818599701,105.1,100.0,0.0
728.9621269702911,105.1,100.0,0.0
729.9045827388763,104.9,100.0,0.0
731.005527973175,104.8,100.0,0.0
732.005500793457,104.7,100.0,0.0
733.0082647800446,104.5,100.0,0.0
733.9614198207855,104.4,100.0,0.0
734.9609839916229,104.3,100.0,0.0
735.9729919433594,104.1,100.0,0.0
736.9853317737579,104.0,100.0,0.0
737.1761467456818,104.0,100.0,0.0
738.1366488933563,103.8,100.0,0.0
739.137825012207,103.7,100.0,0.0
740.1482648849487,103.6,100.0,0.0
741.0616660118103,103.4,100.0,0.0
741.2542340755463,103.4,100.0,0.0
742.265496969223,103.3,100.0,0.0
743.2190120220184,103.1,100.0,0.0
744.2745208740234,103.0,100.0,0.0
745.2374880313873,102.9,100.0,0.0
746.2523648738861,102.8,100.0,0.0
747.2144460678101,102.6,100.0,0.0
748.2782318592072,102.4,100.0,0.0
749.2438218593597,102.3,100.0,0.0
750.2082109451294,102.2,100.0,0.0
751.224625825882,102.1,100.0,0.0
752.285187959671,102.0,100.0,0.0
753.2433047294617,101.8,100.0,0.0
754.2473556995392,101.7,100.0,0.0
755.2494020462036,101.6,100.0,0.0
756.2534267902374,101.4,100.0,0.0
756.8509438037872,101.4,100.0,0.0
757.1474039554596,101.4,100.0,0.0
757.3827908039093,101.4,100.0,0.0
758.3860268592834,101.2,100.0,0.0
759.3921699523926,101.0,100.0,0.0
760.3972778320312,100.9,100.0,0.0
761.3535537719727,100.8,100.0,0.0
762.4115958213806,100.7,100.0,0.0
763.3658909797668,100.6,100.0,0.0
764.3716719150543,100.4,100.0,0.0
765.3796210289001,100.3,100.0,0.0
766.1305799484253,100.2,100.0,0.0
766.3273739814758,100.2,100.0,0.0
767.3414797782898,100.1,100.0,0.0
768.307455778122,100.0,100.0,0.0
769.3259696960449,99.9,100.0,0.0
770.3840050697327,99.8,100.0,0.0
771.3016648292542,99.7,100.0,0.0
772.3663759231567,99.5,100.0,0.0
773.3774409294128,99.4,100.0,0.0
774.3426218032837,99.2,100.0,0.0
775.3615217208862,99.2,100.0,0.0
776.3769977092743,99.1,100.0,0.0
777.1387848854065,98.9,100.0,0.0
777.3752899169922,98.9,100.0,0.0
778.376739025116,98.8,100.0,0.0
779.2942519187927,98.7,100.0,0.0
780.3507897853851,98.6,100.0,0.0
781.308709859848,98.5,100.0,100.0
782.3125600814819,98.3,100.0,100.0
783.3229129314423,98.3,100.0,100.0
784.3312418460846,98.1,100.0,100.0
785.3424067497253,98.0,100.0,100.0
786.350793838501,97.9,100.0,100.0
787.3595681190491,97.8,100.0,100.0
788.3174228668213,97.7,100.0,100.0
789.3290600776672,97.6,100.0,100.0
790.3387937545776,97.5,100.0,100.0
791.3681547641754,97.4,100.0,100.0
792.3339598178864,97.4,100.0,100.0
793.3031039237976,97.3,100.0,100.0
793.5048198699951,97.3,100.0,100.0
794.4730379581451,97.2,100.0,100.0
795.4912488460541,97.2,100.0,100.0
796.4562559127808,97.2,100.0,100.0
797.480180978775,97.1,100.0,100.0
798.4523558616638,97.1,100.0,100.0
799.4657678604126,97.2,100.0,100.0
800.4383637905121,97.2,100.0,100.0
801.4573729038239,97.3,100.0,100.0
802.4281568527222,97.3,100.0,100.0
803.4508037567139,97.4,100.0,100.0
804.4745779037476,97.5,100.0,100.0
805.4428730010986,97.6,100.0,100.0
806.4577848911285,97.7,100.0,100.0
807.4649410247803,97.9,100.0,100.0
808.4747099876404,98.1,100.0,100.0
809.4880969524384,98.3,100.0,100.0
810.5032429695129,98.5,100.0,100.0
811.4681918621063,98.8,100.0,100.0
812.4800899028778,99.0,100.0,100.0
813.4955530166626,99.3,100.0,100.0
814.5131299495697,99.6,100.0,100.0
815.4783179759979,100.0,100.0,100.0
816.490556716919,100.3,100.0,100.0
816.8403339385986,100.3,100.0,100.0
817.4413297176361,100.6,100.0,100.0
818.4633860588074,101.0,100.0,100.0
819.483491897583,101.4,100.0,100.0
820.462424993515,101.8,100.0,0.0
821.4835398197174,102.2,100.0,0.0
822.459793806076,102.7,100.0,0.0
822.6681299209595,102.8,100.0,0.0
823.6394920349121,103.3,100.0,0.0
824.6658709049225,103.8,100.0,0.0
825.6407437324524,104.3,100.0,0.0
826.6613857746124,104.8,100.0,0.0
827.6864488124847,105.3,100.0,0.0
828.663596868515,105.8,100.0,0.0
829.68190574646,106.3,100.0,0.0
830.607825756073,106.8,100.0,0.0
831.6889760494232,107.4,100.0,0.0
832.6062738895416,107.9,100.0,0.0
833.6831290721893,108.4,100.0,0.0
834.6080808639526,109.0,100.0,0.0
835.6217858791351,109.5,100.0,0.0
836.6389927864075,110.0,100.0,0.0
837.6039578914642,110.5,100.0,0.0
838.671728849411,111.0,100.0,0.0
839.6888737678528,111.5,100.0,0.0
840.6047859191895,111.9,100.0,0.0
841.6752488613129,112.3,100.0,0.0
842.692459821701,112.7,100.0,0.0
843.6078147888184,113.1,100.0,0.0
844.6788148880005,113.5,100.0,0.0
845.6513378620148,113.9,100.0,0.0
846.6336879730225,114.2,100.0,0.0
847.6607248783112,114.6,100.0,0.0
848.639271736145,114.9,100.0,0.0
849.6624460220337,115.1,100.0,0.0
850.6839809417725,115.4,100.0,0.0
851.650438785553,115.6,100.0,0.0
852.6675560474396,115.9,100.0,0.0
853.6419808864594,116.1,100.0,0.0
854.6680479049683,116.3,100.0,0.0
855.6435990333557,116.4,100.0,0.0
856.6667377948761,116.6,100.0,0.0
857.6455578804016,116.7,100.0,0.0
858.6670498847961,116.9,100.0,0.0
859.631108045578,117.0,100.0,0.0
860.6504817008972,117.1,100.0,0.0
861.6205217838287,117.1,100.0,0.0
862.6949129104614,117.2,100.0,0.0
863.6159229278564,117.3,100.0,0.0
864.6868090629578,117.3,100.0,0.0
865.6592438220978,117.4,100.0,0.0
866.6327519416809,117.4,100.0,0.0
867.6549637317657,117.4,100.0,0.0
868.6307139396667,117.4,100.0,0.0
869.6654648780823,117.5,100.0,0.0
870.6952838897705,117.4,100.0,0.0
871.6759519577026,117.4,100.0,0.0
872.6597208976746,117.3,100.0,0.0
873.6862907409668,117.3,100.0,0.0
874.409096956253,117.2,100.0,0.0
874.6227056980133,117.3,100.0,0.0
875.6009976863861,117.2,100.0,0.0
876.5818910598755,117.1,100.0,0.0
876.9479677677155,117.1,100.0,0.0
877.6190848350525,117.1,100.0,0.0
878.5964047908783,117.0,100.0,0.0
879.6217279434204,116.9,100.0,0.0
880.6526257991791,116.9,100.0,0.0
881.5821108818054,116.7,100.0,0.0
882.6031589508057,116.7,100.0,0.0
883.6250989437103,116.6,100.0,0.0
884.593535900116,116.4,100.0,0.0
885.6210799217224,116.4,100.0,0.0
886.5942509174347,116.3,100.0,0.0
887.6654949188232,116.2,100.0,0.0
888.6413249969482,116.1,100.0,0.0
889.560210943222,116.0,100.0,0.0
889.7703108787537,115.9,100.0,0.0
890.7019476890564,115.8,100.0,0.0
891.7230138778687,115.6,100.0,0.0
892.6967940330505,115.6,100.0,0.0
893.7271237373352,115.4,100.0,0.0
894.706864118576,115.4,100.0,0.0
895.741968870163,115.2,100.0,0.0
896.7276668548584,115.1,100.0,0.0
897.7146229743958,115.0,100.0,0.0
898.7019917964935,114.8,100.0,0.0
899.7313430309296,114.7,100.0,0.0
900.7164587974548,114.5,100.0,0.0
901.7018649578094,114.4,100.0,0.0
902.6811408996582,114.3,100.0,0.0
903.767166852951,114.1,100.0,0.0
904.7471327781677,114.0,100.0,0.0
905.7263748645782,113.8,100.0,0.0
906.7079999446869,113.7,100.0,0.0
907.6782670021057,113.5,100.0,0.0
908.751874923706,113.4,100.0,0.0
909.774640083313,113.2,100.0,0.0
910.7453789710999,113.1,100.0,0.0
911.7706868648529,112.9,100.0,0.0
912.6954348087311,112.8,100.0,0.0
913.7223229408264,112.6,100.0,0.0
914.7510788440704,112.5,100.0,0.0
915.7278478145599,112.3,100.0,0.0
916.7539649009705,112.3,100.0,0.0
917.7272028923035,112.1,100.0,0.0
918.7634947299957,112.0,100.0,0.0
919.694611787796,111.8,100.0,0.0
920.5275287628174,111.7,100.0,0.0
920.7377398014069,111.7,100.0,0.0
921.7196128368378,111.5,100.0,0.0
922.7064340114594,111.4,100.0,0.0
923.6879858970642,111.2,100.0,0.0
924.6733176708221,111.1,100.0,0.0
925.7084348201752,111.0,100.0,0.0
926.6951520442963,110.8,100.0,0.0
927.7321817874908,110.7,100.0,0.0
928.7144649028778,110.5,100.0,0.0
929.7013030052185,110.4,100.0,0.0
930.6751201152802,110.3,100.0,0.0
931.7023818492889,110.1,100.0,0.0
932.7291927337646,110.1,100.0,0.0
933.5532619953156,109.9,100.0,0.0
933.7601788043976,109.9,100.0,0.0
934.7431728839874,109.8,100.0,0.0
935.7716200351715,109.6,100.0,0.0
936.7452437877655,109.5,100.0,0.0
937.1059277057648,109.5,100.0,0.0
937.7263789176941,109.4,100.0,0.0
938.7607820034027,109.2,100.0,0.0
939.7885837554932,109.1,100.0,0.0
940.7654540538788,108.9,100.0,0.0
941.7902987003326,108.8,100.0,0.0
942.7785429954529,108.7,100.0,0.0
943.7669458389282,108.5,100.0,0.0
944.806881904602,108.4,100.0,0.0
945.7500839233398,108.3,100.0,0.0
946.7384910583496,108.1,100.0,0.0
947.7746930122375,108.0,100.0,0.0
948.7106018066406,107.9,100.0,0.0
949.7981810569763,107.8,100.0,0.0
950.7853910923004,107.6,100.0,0.0
951.7754578590393,107.4,100.0,0.0
952.7549307346344,107.4,100.0,0.0
953.7376880645752,107.2,100.0,0.0
954.7685239315033,107.0,100.0,0.0
955.7433109283447,106.9,100.0,0.0
956.7720248699188,106.7,100.0,0.0
957.801784992218,106.7,100.0,0.0
958.7307648658752,106.5,100.0,0.0
959.7590839862823,106.3,100.0,0.0
960.7375979423523,106.2,100.0,0.0
961.7221601009369,106.1,100.0,0.0
961.9394679069519,106.1,100.0,0.0
962.9307658672333,106.0,100.0,0.0
963.9618048667908,105.8,100.0,0.0
964.9452967643738,105.7,100.0,0.0
965.8810889720917,105.6,100.0,0.0
966.9136648178101,105.4,100.0,0.0
967.9067919254303,105.3,100.0,0.0
968.9457709789276,105.1,100.0,0.0
969.8760938644409,105.0,100.0,0.0
970.9163329601288,104.9,100.0,0.0
971.9122819900513,104.7,100.0,0.0
972.9103527069092,104.6,100.0,0.0
973.8966808319092,104.5,100.0,0.0
974.8895778656006,104.4,100.0,0.0
975.8813788890839,104.2,100.0,0.0
976.8749737739563,104.1,100.0,0.0
977.9177777767181,104.0,100.0,0.0
978.9075660705566,103.8,100.0,0.0
979.9018249511719,103.6,100.0,0.0
980.9440569877625,103.5,100.0,0.0
981.6794638633728,103.4,100.0,0.0
981.9408419132233,103.4,100.0,0.0
982.866537809372,103.3,100.0,0.0
983.899610042572,103.1,100.0,0.0
984.8823490142822,103.0,100.0,0.0
985.9139068126678,102.9,100.0,0.0
986.794353723526,102.8,100.0,0.0
987.0123589038849,102.7,100.0,0.0
988.0063698291779,102.6,100.0,0.0
989.0437428951263,102.4,100.0,0.0
989.9801168441772,102.3,100.0,0.0
991.019152879715,102.1,100.0,0.0
992.0043249130249,102.0,100.0,0.0
992.9844279289246,101.9,100.0,0.0
994.0222840309143,101.8,100.0,0.0
995.011825799942,101.6,100.0,0.0
995.2339360713959,101.6,100.0,0.0
996.1806356906891,101.5,100.0,0.0
997.1684930324554,101.3,100.0,0.0
997.3872230052948,101.3,100.0,0.0
998.0779359340668,101.3,100.0,0.0
998.3071038722992,101.2,100.0,0.0
999.2559299468994,101.1,100.0,0.0
1000.2469117641449,100.9,100.0,0.0
1001.2879347801208,100.9,100.0,0.0
1002.276309967041,100.8,100.0,0.0
1003.2737457752228,100.6,100.0,0.0
1004.2691848278046,100.5,100.0,0.0
1005.2717297077179,100.3,100.0,0.0
1006.2722768783569,100.2,100.0,0.0
1007.2628519535065,100.1,100.0,0.0
1008.313236951828,100.0,100.0,0.0
1009.2636399269104,99.8,100.0,0.0
1010.1014759540558,99.7,100.0,0.0
1010.3325490951538,99.7,100.0,0.0
1011.2736051082611,99.6,100.0,0.0
1012.2735748291016,99.5,100.0,0.0
1013.3168528079987,99.4,100.0,0.0
1014.3038840293884,99.2,100.0,0.0
1015.2520990371704,99.1,100.0,0.0
1016.3404960632324,99.0,100.0,0.0
1017.2846229076385,98.9,100.0,0.0
1018.2703468799591,98.8,100.0,0.0
1019.3095290660858,98.7,100.0,0.0
1020.2520697116852,98.5,100.0,100.0
1021.3458738327026,98.5,100.0,100.0
1022.2832808494568,98.3,100.0,100.0
1023.3302848339081,98.2,100.0,100.0
1024.2751457691193,98.1,100.0,100.0
1025.319462776184,98.0,100.0,100.0
1026.308760881424,97.9,100.0,100.0
1027.3137667179108,97.7,100.0,100.0
1028.3195297718048,97.6,100.0,100.0
1029.3230917453766,97.6,100.0,100.0
1030.2717878818512,97.5,100.0,100.0
1031.2720398902893,97.4,100.0,100.0
1032.3239316940308,97.4,100.0,100.0
1033.2776470184326,97.3,100.0,100.0
1034.275768995285,97.3,100.0,100.0
1035.328626871109,97.2,100.0,100.0
1036.3305768966675,97.2,100.0,100.0
1037.3372867107391,97.2,100.0,100.0
1038.28453707695,97.2,100.0,100.0
1039.3280448913574,97.3,100.0,100.0
1040.270588874817,97.3,100.0,100.0
1041.2582309246063,97.4,100.0,100.0
1042.3500018119812,97.5,100.0,100.0
1043.291524887085,97.6,100.0,100.0
1044.286985874176,97.7,100.0,100.0
1045.2838430404663,97.8,100.0,100.0
1046.3326649665833,98.0,100.0,100.0
1047.3310918807983,98.2,100.0,100.0
1048.2788729667664,98.4,100.0,100.0
1049.3252310752869,98.6,100.0,100.0
1050.3175840377808,98.8,100.0,100.0
1051.3196618556976,99.1,100.0,100.0
1052.2802557945251,99.3,100.0,100.0
1053.2855417728424,99.7,100.0,100.0
1054.2877159118652,100.0,100.0,100.0
1055.2952580451965,100.3,100.0,100.0
1056.3000979423523,100.7,100.0,100.0
1057.0983889102936,100.7,100.0,100.0
1057.3872728347778,101.0,100.0,100.0
1058.2723367214203,101.4,100.0,100.0
1059.323734998703,101.9,100.0,0.0
1060.3268537521362,102.2,100.0,0.0
1061.3295738697052,102.8,100.0,0.0
1062.2846639156342,103.2,100.0,0.0
1063.2890610694885,103.7,100.0,0.0
1064.2846808433533,104.2,100.0,0.0
1065.1275618076324,104.6,100.0,0.0
1065.3590478897095,104.7,100.0,0.0
1066.3077158927917,105.2,100.0,0.0
1067.354553937912,105.7,100.0,0.0
1068.3002700805664,106.3,100.0,0.0
1069.296392917633,106.8,100.0,0.0
1070.3474390506744,107.3,100.0,0.0
1071.3427839279175,107.9,100.0,0.0
1072.3406739234924,108.4,100.0,0.0
1073.3385078907013,109.0,100.0,0.0
1074.3377330303192,109.5,100.0,0.0
1075.3349747657776,110.0,100.0,0.0
1076.3458268642426,110.5,100.0,0.0
1077.357038974762,110.9,100.0,0.0
1078.313838005066,111.5,100.0,0.0
1079.323222875595,111.9,100.0,0.0
1080.3812549114227,112.3,100.0,0.0
1081.3405628204346,112.8,100.0,0.0
1082.3514778614044,113.2,100.0,0.0
1083.3063559532166,113.5,100.0,0.0
1083.5454759597778,113.7,100.0,0.0
1084.499521970749,113.9,100.0,0.0
1085.5584168434143,114.3,100.0,0.0
1086.3646199703217,114.5,100.0,0.0
1086.6047008037567,114.6,100.0,0.0
1087.5640890598297,114.9,100.0,0.0
1088.5705609321594,115.2,100.0,0.0
1089.6233730316162,115.4,100.0,0.0
1090.6353557109833,115.7,100.0,0.0
1091.5884757041931,115.9,100.0,0.0
1092.5938527584076,116.1,100.0,0.0
1093.5541627407074,116.2,100.0,0.0
1093.8356828689575,116.3,100.0,0.0
1094.5739829540253,116.4,100.0,0.0
1094.8545649051666,116.4,100.0,0.0
1095.594054698944,116.6,100.0,0.0
1095.8764300346375,116.6,100.0,0.0
1096.7705948352814,116.8,100.0,0.0
1097.8321478366852,116.9,100.0,0.0
1098.6345958709717,117.0,100.0,0.0
1098.91836476326,117.0,100.0,0.0
1099.8614258766174,117.1,100.0,0.0
1100.9181208610535,117.1,100.0,0.0
1101.8808917999268,117.2,100.0,0.0
1102.8315119743347,117.3,100.0,0.0
1103.8930349349976,117.3,100.0,0.0
1104.865246772766,117.4,100.0,0.0
1105.821130990982,117.4,100.0,0.0
1106.0554208755493,117.4,100.0,0.0
1107.0184109210968,117.5,100.0,0.0
1108.0724499225616,117.5,100.0,0.0
1109.0251350402832,117.4,100.0,0.0
1110.0304727554321,117.4,100.0,0.0
1111.036495923996,117.4,100.0,0.0
1112.043868780136,117.4,100.0,0.0
1113.0525889396667,117.3,100.0,0.0
1113.2933938503265,117.3,100.0,0.0
1114.2592628002167,117.3,100.0,0.0
1115.2151548862457,117.2,100.0,0.0
1116.2218987941742,117.1,100.0,0.0
1117.2221369743347,117.0,100.0,0.0
1117.4712269306183,117.0,100.0,0.0
1118.2316749095917,117.0,100.0,0.0
1119.1956079006195,116.9,100.0,0.0
1120.2170088291168,116.9,100.0,0.0
1121.2362759113312,116.8,100.0,0.0
1122.1967368125916,116.7,100.0,0.0
1123.2083749771118,116.6,100.0,0.0
1124.173232793808,116.5,100.0,0.0
1125.1889238357544,116.4,100.0,0.0
1126.2574388980865,116.3,100.0,0.0
1127.1728789806366,116.3,100.0,0.0
1128.236543893814,116.1,100.0,0.0
1129.2537677288055,116.0,100.0,0.0
1130.118397951126,115.9,100.0,0.0
1130.4066438674927,115.9,100.0,0.0
1131.4055647850037,115.8,100.0,0.0
1132.3181827068329,115.7,100.0,0.0
1133.2270669937134,115.6,100.0,0.0
1133.5158886909485,115.5,100.0,0.0
1134.4206948280334,115.4,100.0,0.0
1135.4751269817352,115.3,100.0,0.0
1136.429680109024,115.2,100.0,0.0
1137.330356836319,115.0,100.0,0.0
1137.5716090202332,115.0,100.0,0.0
1138.5849928855896,114.9,100.0,0.0
1139.5428431034088,114.8,100.0,0.0
1140.5013270378113,114.7,100.0,0.0
1141.5622687339783,114.5,100.0,0.0
1142.517665863037,114.4,100.0,0.0
1143.5258638858795,114.2,100.0,0.0
1144.5335879325867,114.1,100.0,0.0
1145.543952703476,114.0,100.0,0.0
1146.5521876811981,113.8,100.0,0.0
1147.5642218589783,113.7,100.0,0.0
1148.524736881256,113.5,100.0,0.0
1149.5475249290466,113.4,100.0,0.0
1150.5102608203888,113.2,100.0,0.0
1151.4821228981018,113.1,100.0,0.0
1152.5545446872711,112.9,100.0,0.0
1153.5745599269867,112.8,100.0,0.0
1154.486149072647,112.6,100.0,0.0
1155.5021319389343,112.4,100.0,0.0
1156.5760068893433,112.3,100.0,0.0
1157.546707868576,112.2,100.0,0.0
1158.5094528198242,111.9,100.0,0.0
1159.5265378952026,111.7,100.0,0.0
1160.5339608192444,111.6,100.0,0.0
1161.538288116455,111.5,100.0,0.0
1162.5461077690125,111.3,100.0,0.0
1163.5049059391022,111.1,100.0,0.0
1164.5670919418335,110.9,100.0,0.0
1165.531152009964,110.8,100.0,0.0
1166.5438058376312,110.7,100.0,0.0
1167.5034198760986,110.5,100.0,0.0
1168.5160398483276,110.4,100.0,0.0
1169.5824890136719,110.3,100.0,0.0
1170.4941358566284,110.1,100.0,0.0
1171.51904296875,110.0,100.0,0.0
1172.3899838924408,109.8,100.0,0.0
1172.6947979927063,109.8,100.0,0.0
1173.603502035141,109.7,100.0,0.0
1174.5781998634338,109.5,100.0,0.0
1175.603096961975,109.4,100.0,0.0
1176.625944852829,109.2,100.0,0.0
1177.1410658359528,109.2,100.0,0.0
1177.5907559394836,109.1,100.0,0.0
1178.6093678474426,109.0,100.0,0.0
1179.6239700317383,108.9,100.0,0.0
1180.5929608345032,108.7,100.0,0.0
1181.5706658363342,108.5,100.0,0.0
1182.596284866333,108.4,100.0,0.0
1183.4153010845184,108.3,100.0,0.0
1183.6713049411774,108.3,100.0,0.0
1184.5963377952576,108.2,100.0,0.0
1185.6637599468231,108.0,100.0,0.0
1186.5782668590546,107.9,100.0,0.0
1187.5984387397766,107.7,100.0,0.0
1188.6144239902496,107.6,100.0,0.0
1189.6335117816925,107.5,100.0,0.0
1190.5987377166748,107.3,100.0,0.0
1191.5642280578613,107.2,100.0,0.0
1192.3787088394165,107.1,100.0,0.0
1192.6263840198517,107.1,100.0,0.0
1193.599946975708,107.0,100.0,0.0
1194.5649597644806,106.8,100.0,0.0
1195.5420410633087,106.7,100.0,0.0
1196.6200449466705,106.5,100.0,0.0
1197.589980840683,106.4,100.0,0.0
1198.5679109096527,106.3,100.0,0.0
1199.543761730194,106.1,100.0,0.0
1200.5697751045227,106.0,100.0,0.0
1201.5469558238983,105.9,100.0,0.0
1202.5678267478943,105.7,100.0,0.0
1203.5423488616943,105.6,100.0,0.0
1204.6139130592346,105.5,100.0,0.0
1205.437148809433,105.4,100.0,0.0
1205.6845898628235,105.4,100.0,0.0
1206.6574079990387,105.2,100.0,0.0
1207.6353487968445,105.1,100.0,0.0
1208.6130719184875,104.9,100.0,0.0
1209.6289057731628,104.8,100.0,0.0
1210.6437129974365,104.7,100.0,0.0
1211.6522688865662,104.5,100.0,0.0
1212.6182339191437,104.4,100.0,0.0
1213.6367547512054,104.2,100.0,0.0
1214.4034259319305,104.2,100.0,0.0
1214.6599180698395,104.2,100.0,0.0
1215.5894179344177,104.0,100.0,0.0
1216.554557800293,103.9,100.0,0.0
1217.6264779567719,103.7,100.0,0.0
1218.5944049358368,103.6,100.0,0.0
1219.5732038021088,103.5,100.0,0.0
1220.6069490909576,103.3,100.0,0.0
1221.539500951767,103.2,100.0,0.0
1221.854476928711,103.2,100.0,0.0
1222.773717880249,103.0,100.0,0.0
1223.7497849464417,102.9,100.0,0.0
1224.7325348854065,102.8,100.0,0.0
1225.7630388736725,102.7,100.0,0.0
1226.7936398983002,102.5,100.0,0.0
1227.7730159759521,102.4,100.0,0.0
1228.7508289813995,102.3,100.0,0.0
1229.7303149700165,102.2,100.0,0.0
1230.7521629333496,102.0,100.0,0.0
1231.732496023178,101.9,100.0,0.0
1232.7103159427643,101.8,100.0,0.0
1233.7967648506165,101.7,100.0,0.0
1234.7244608402252,101.5,100.0,0.0
1235.8000040054321,101.4,100.0,0.0
1236.7169377803802,101.2,100.0,0.0
1237.1727657318115,101.2,100.0,0.0
1237.7929799556732,101.1,100.0,0.0
1238.762188911438,101.0,100.0,0.0
1239.7305529117584,100.9,100.0,0.0
1240.754431962967,100.8,100.0,0.0
1241.7807638645172,100.7,100.0,0.0
1242.753765821457,100.5,100.0,0.0
1243.7243249416351,100.3,100.0,0.0
1244.7986569404602,100.2,100.0,0.0
1245.7272250652313,100.1,100.0,0.0
1246.7528548240662,100.0,100.0,0.0
1247.7874727249146,99.8,100.0,0.0
1248.7614200115204,99.7,100.0,0.0
1249.7972509860992,99.5,100.0,0.0
1250.7831537723541,99.5,100.0,0.0
1251.710462808609,99.2,100.0,0.0
1252.7467818260193,99.1,100.0,0.0
1253.7306196689606,99.0,100.0,0.0
1254.7112228870392,98.9,100.0,0.0
1255.593752861023,98.8,100.0,0.0
1255.8988437652588,98.8,100.0,0.0
1256.7630770206451,98.7,100.0,0.0
1257.7959117889404,98.6,100.0,0.0
1258.7730679512024,98.5,100.0,100.0
1259.7963318824768,98.4,100.0,100.0
1260.762990951538,98.2,100.0,100.0
1261.8386709690094,98.2,100.0,100.0
1262.761864900589,98.0,100.0,100.0
1263.8391857147217,98.0,100.0,100.0
1264.0968658924103,97.9,100.0,100.0
1264.979973077774,97.8,100.0,100.0
1266.0040519237518,97.7,100.0,100.0
1266.9783318042755,97.6,100.0,100.0
1267.9540708065033,97.5,100.0,100.0
1269.0328550338745,97.5,100.0,100.0
1269.9592607021332,97.4,100.0,100.0
1270.9389810562134,97.3,100.0,100.0
1271.1965928077698,97.3,100.0,100.0
1272.183998823166,97.3,100.0,100.0
1273.1595528125763,97.2,100.0,100.0
1274.19109582901,97.2,100.0,100.0
1275.1654000282288,97.2,100.0,100.0
1276.1931738853455,97.2,100.0,100.0
1277.1691749095917,97.2,100.0,100.0
1278.147989988327,97.3,100.0,100.0
1279.1826667785645,97.3,100.0,100.0
1279.9188537597656,97.4,100.0,100.0
1280.1879818439484,97.4,100.0,100.0
1281.1215977668762,97.5,100.0,100.0
1282.1076829433441,97.6,100.0,100.0
1283.146185874939,97.7,100.0,100.0
1284.1371879577637,97.8,100.0,100.0
1285.1271228790283,98.0,100.0,100.0
1286.1624917984009,98.2,100.0,100.0
1287.0958030223846,98.4,100.0,100.0
1288.0820090770721,98.6,100.0,100.0
1289.1189517974854,98.9,100.0,100.0
1290.1581988334656,99.1,100.0,100.0
1291.0982429981232,99.5,100.0,100.0
1292.0752868652344,99.8,100.0,100.0
1293.1073508262634,100.1,100.0,100.0
1294.0865950584412,100.5,100.0,100.0
1295.0169749259949,100.8,100.0,100.0
1295.3331780433655,100.9,100.0,100.0
1296.2041010856628,101.2,100.0,100.0
1297.2340729236603,101.7,100.0,0.0
