Tiempo (s),Temperatura medida (°C),Temperatura consignada / SET (°C),Potencia calentador (%),Fase del proceso
0.0,46.1,80.0,0.0,Precalentado
0.8645808696746826,46.1,80.0,0.0,Precalentado
1.8755650520324707,46.0,80.0,4.0,Precalentado
2.793733835220337,46.0,80.0,8.0,Precalentado
3.8138859272003174,46.0,80.0,12.0,Precalentado
4.835819959640503,46.0,80.0,17.0,Precalentado
5.861323118209839,46.0,80.0,21.0,Precalentado
6.878175973892212,46.0,80.0,25.0,Precalentado
7.898636102676392,46.0,80.0,29.0,Precalentado
8.872895002365112,45.9,80.0,34.0,Precalentado
9.893898963928223,45.9,80.0,39.0,Precalentado
10.920176982879639,45.9,80.0,43.0,Precalentado
11.897287845611572,45.9,80.0,47.0,Precalentado
12.909203052520752,45.9,80.0,52.0,Precalentado
13.96832799911499,45.9,80.0,56.0,Precalentado
14.930229902267456,45.9,80.0,60.0,Precalentado
15.949037075042725,45.9,80.0,64.0,Precalentado
16.968551874160767,45.9,80.0,69.0,Precalentado
17.978664875030518,45.9,80.0,73.0,Precalentado
18.993272066116333,45.9,80.0,77.0,Precalentado
19.957316875457764,45.9,80.0,82.0,Precalentado
20.97349786758423,45.8,80.0,87.0,Precalentado
21.984832048416138,45.9,80.0,90.0,Precalentado
23.059464931488037,45.8,80.0,95.0,Precalentado
24.036571979522705,45.8,80.0,100.0,Precalentado
25.069369792938232,45.9,80.0,100.0,Precalentado
26.09110403060913,45.9,80.0,100.0,Precalentado
27.06059694290161,45.9,80.0,100.0,Precalentado
28.08565878868103,45.9,80.0,100.0,Precalentado
29.11096978187561,45.9,80.0,100.0,Precalentado
30.138269901275635,46.0,80.0,100.0,Precalentado
31.112417936325073,46.0,80.0,100.0,Precalentado
32.12529993057251,46.0,80.0,100.0,Precalentado
33.15388083457947,46.1,80.0,100.0,Precalentado
34.134992837905884,46.1,80.0,100.0,Precalentado
35.105934858322144,46.2,80.0,100.0,Precalentado
36.172324895858765,46.3,80.0,100.0,Precalentado
37.1832058429718,46.3,80.0,100.0,Precalentado
38.16302990913391,46.4,80.0,100.0,Precalentado
39.17577385902405,46.6,80.0,100.0,Precalentado
40.1899209022522,46.6,80.0,100.0,Precalentado
41.14777898788452,46.8,80.0,100.0,Precalentado
42.3202440738678,47.0,80.0,100.0,Precalentado
43.33827781677246,47.1,80.0,100.0,Precalentado
44.30550980567932,47.2,80.0,100.0,Precalentado
45.320526123046875,47.4,80.0,100.0,Precalentado
46.28393292427063,47.5,80.0,100.0,Precalentado
47.303054094314575,47.7,80.0,100.0,Precalentado
48.332139015197754,47.9,80.0,100.0,Precalentado
49.30613088607788,48.1,80.0,100.0,Precalentado
50.33382296562195,48.3,80.0,100.0,Precalentado
51.36090588569641,48.5,80.0,100.0,Precalentado
52.273202896118164,48.6,80.0,100.0,Precalentado
53.348000049591064,48.9,80.0,100.0,Precalentado
54.373265981674194,49.0,80.0,100.0,Precalentado
55.34315800666809,49.3,80.0,100.0,Precalentado
56.363576889038086,49.6,80.0,100.0,Precalentado
57.33698105812073,49.8,80.0,100.0,Precalentado
58.36443901062012,50.0,80.0,100.0,Precalentado
59.44350790977478,50.3,80.0,100.0,Precalentado
60.4694447517395,50.6,80.0,100.0,Precalentado
61.38752102851868,50.8,80.0,100.0,Precalentado
62.3978009223938,50.9,80.0,100.0,Precalentado
63.40956401824951,51.2,80.0,100.0,Precalentado
64.42667198181152,51.5,80.0,100.0,Precalentado
65.39572596549988,51.8,80.0,100.0,Precalentado
66.41090202331543,52.1,80.0,100.0,Precalentado
67.37535095214844,52.4,80.0,100.0,Precalentado
68.3936140537262,52.7,80.0,100.0,Precalentado
69.4549310207367,53.0,80.0,100.0,Precalentado
70.42022705078125,53.3,80.0,100.0,Precalentado
71.44832801818848,53.7,80.0,100.0,Precalentado
72.46968817710876,54.0,80.0,100.0,Precalentado
73.44622278213501,54.3,80.0,100.0,Precalentado
74.47360110282898,54.7,80.0,100.0,Precalentado
75.50261497497559,55.1,80.0,100.0,Precalentado
76.47849082946777,55.5,80.0,100.0,Precalentado
77.4967041015625,55.8,80.0,100.0,Precalentado
78.52068209648132,56.5,80.0,100.0,Precalentado
79.54359984397888,56.6,80.0,100.0,Precalentado
80.51557683944702,57.0,80.0,100.0,Precalentado
81.54541110992432,57.4,80.0,100.0,Precalentado
82.56733894348145,57.8,80.0,100.0,Precalentado
83.54133677482605,58.2,80.0,100.0,Precalentado
84.55843782424927,58.6,80.0,100.0,Precalentado
85.56731009483337,59.1,80.0,91.0,Precalentado
86.58133292198181,59.5,80.0,89.0,Precalentado
87.59151196479797,60.0,80.0,86.0,Precalentado
88.5936210155487,60.4,80.0,83.0,Precalentado
89.57062101364136,60.9,80.0,80.0,Precalentado
90.57975602149963,61.5,80.0,58.0,Precalentado
91.648108959198,61.9,80.0,56.0,Precalentado
92.7746901512146,62.9,80.0,68.0,Precalentado
93.74644088745117,63.4,80.0,65.0,Precalentado
94.72155284881592,63.9,80.0,62.0,Precalentado
95.7104058265686,64.4,80.0,59.0,Precalentado
96.73395586013794,65.0,80.0,37.0,Precalentado
97.71003794670105,65.5,80.0,34.0,Precalentado
98.73002076148987,66.1,80.0,30.0,Precalentado
99.73908996582031,66.6,80.0,27.0,Precalentado
100.75876092910767,67.1,80.0,24.0,Precalentado
101.77977705001831,67.7,80.0,21.0,Precalentado
102.74775981903076,68.2,80.0,18.0,Precalentado
103.76552200317383,68.8,80.0,14.0,Precalentado
104.75108790397644,69.3,80.0,11.0,Precalentado
105.7500569820404,69.9,80.0,7.0,Precalentado
106.70491290092468,70.4,80.0,4.0,Precalentado
107.7753279209137,71.0,80.0,1.0,Precalentado
108.74920988082886,71.5,80.0,0.0,Precalentado
109.76235294342041,72.0,80.0,13.0,Precalentado
110.74718689918518,72.5,80.0,10.0,Precalentado
111.78318381309509,73.1,80.0,0.0,Precalentado
112.81202292442322,73.5,80.0,0.0,Precalentado
113.78458189964294,74.1,80.0,0.0,Precalentado
114.8123230934143,74.5,80.0,0.0,Precalentado
115.83846402168274,75.0,80.0,0.0,Precalentado
116.81432390213013,75.5,80.0,0.0,Precalentado
117.83727097511292,76.0,80.0,0.0,Precalentado
118.81715989112854,76.3,80.0,0.0,Precalentado
119.8391170501709,76.8,80.0,0.0,Precalentado
120.85703182220459,77.2,80.0,0.0,Precalentado
121.8690779209137,77.6,80.0,0.0,Precalentado
122.83196902275085,78.0,80.0,0.0,Precalentado
122.9743139743805,78.0,80.0,0.0,Estabilizando
123.85918116569519,78.3,80.0,0.0,Estabilizando
124.88357305526733,78.7,80.0,0.0,Estabilizando
125.85437107086182,79.0,80.0,0.0,Estabilizando
126.88940286636353,79.4,80.0,0.0,Estabilizando
127.9328989982605,79.6,80.0,0.0,Estabilizando
128.9620978832245,79.9,80.0,0.0,Estabilizando
129.9248628616333,80.2,80.0,0.0,Estabilizando
130.95656180381775,80.4,80.0,0.0,Estabilizando
131.97535681724548,80.7,80.0,0.0,Estabilizando
132.94323587417603,80.9,80.0,0.0,Estabilizando
133.98382902145386,81.1,80.0,0.0,Estabilizando
135.00130677223206,81.4,80.0,0.0,Estabilizando
135.96787691116333,81.5,80.0,0.0,Estabilizando
136.98317909240723,81.6,80.0,0.0,Estabilizando
137.99805188179016,81.9,80.0,0.0,Estabilizando
139.02937602996826,82.0,80.0,0.0,Estabilizando
140.0448248386383,82.1,80.0,0.0,Estabilizando
140.0684449672699,82.1,80.0,0.0,Precalentado
141.00491189956665,82.3,80.0,0.0,Precalentado
142.03469491004944,82.4,80.0,0.0,Precalentado
143.06179404258728,82.5,80.0,0.0,Precalentado
144.08941006660461,82.6,80.0,0.0,Precalentado
145.06778287887573,82.8,80.0,0.0,Precalentado
146.09487199783325,82.8,80.0,0.0,Precalentado
147.12471389770508,82.9,80.0,0.0,Precalentado
148.10350584983826,83.0,80.0,0.0,Precalentado
149.1411600112915,83.0,80.0,0.0,Precalentado
150.11768078804016,83.1,80.0,0.0,Precalentado
151.09478878974915,83.1,80.0,0.0,Precalentado
152.1221809387207,83.2,80.0,0.0,Precalentado
153.1449680328369,83.2,80.0,0.0,Precalentado
154.16139388084412,83.2,80.0,0.0,Precalentado
155.1833279132843,83.2,80.0,0.0,Precalentado
156.1474928855896,83.3,80.0,0.0,Precalentado
157.16469883918762,83.2,80.0,0.0,Precalentado
158.1799590587616,83.3,80.0,0.0,Precalentado
159.19610285758972,83.3,80.0,0.0,Precalentado
160.2114098072052,83.3,80.0,0.0,Precalentado
161.1789309978485,83.3,80.0,0.0,Precalentado
162.19032502174377,83.3,80.0,0.0,Precalentado
163.25674080848694,83.3,80.0,0.0,Precalentado
164.27117013931274,83.3,80.0,0.0,Precalentado
165.23507499694824,83.3,80.0,0.0,Precalentado
166.26259207725525,83.2,80.0,0.0,Precalentado
167.2996060848236,83.2,80.0,0.0,Precalentado
168.2791600227356,83.2,80.0,0.0,Precalentado
169.25448894500732,83.2,80.0,0.0,Precalentado
170.28258895874023,83.2,80.0,0.0,Precalentado
171.30978894233704,83.2,80.0,0.0,Precalentado
172.33592891693115,83.1,80.0,0.0,Precalentado
173.36603593826294,83.0,80.0,0.0,Precalentado
174.39282417297363,83.0,80.0,0.0,Precalentado
175.37235307693481,83.0,80.0,0.0,Precalentado
176.40295815467834,83.0,80.0,0.0,Precalentado
177.37892413139343,82.9,80.0,0.0,Precalentado
178.4094009399414,82.9,80.0,0.0,Precalentado
179.38791489601135,82.8,80.0,0.0,Precalentado
180.41837096214294,82.8,80.0,0.0,Precalentado
181.39830708503723,82.7,80.0,0.0,Precalentado
182.42540907859802,82.7,80.0,0.0,Precalentado
183.45258498191833,82.7,80.0,0.0,Precalentado
184.52465987205505,82.5,80.0,0.0,Precalentado
185.5411970615387,82.5,80.0,0.0,Precalentado
186.45834279060364,82.5,80.0,0.0,Precalentado
187.47605299949646,82.4,80.0,0.0,Precalentado
188.48998880386353,82.4,80.0,0.0,Precalentado
189.5184178352356,82.3,80.0,0.0,Precalentado
190.48647499084473,82.2,80.0,0.0,Precalentado
191.50974106788635,82.1,80.0,0.0,Precalentado
192.48783898353577,82.2,80.0,0.0,Precalentado
193.5097780227661,82.1,80.0,0.0,Precalentado
194.4824080467224,82.0,80.0,0.0,Precalentado
195.51779294013977,82.0,80.0,0.0,Precalentado
196.64675307273865,81.8,80.0,0.0,Precalentado
197.68266487121582,81.8,80.0,0.0,Precalentado
198.66408395767212,81.7,80.0,0.0,Precalentado
199.7017080783844,81.7,80.0,0.0,Precalentado
200.67831182479858,81.6,80.0,0.0,Precalentado
200.7800920009613,81.6,100.0,0.0,Rampa 1
201.71402978897095,81.6,100.0,0.0,Rampa 1
202.69288992881775,81.4,100.0,1.0,Rampa 1
203.664324760437,81.4,100.0,5.0,Rampa 1
204.7454960346222,81.3,100.0,10.0,Rampa 1
205.67544603347778,81.3,100.0,14.0,Rampa 1
206.69902205467224,81.2,100.0,19.0,Rampa 1
207.67141604423523,81.1,100.0,24.0,Rampa 1
208.70591592788696,81.1,100.0,28.0,Rampa 1
209.67356395721436,81.0,100.0,33.0,Rampa 1
210.69654393196106,80.9,100.0,38.0,Rampa 1
211.73216795921326,80.8,100.0,43.0,Rampa 1
212.6689019203186,80.8,100.0,47.0,Rampa 1
213.69669103622437,80.7,100.0,52.0,Rampa 1
214.73064589500427,80.7,100.0,56.0,Rampa 1
215.71228694915771,80.6,100.0,61.0,Rampa 1
216.74868893623352,80.5,100.0,66.0,Rampa 1
217.7211630344391,80.4,100.0,71.0,Rampa 1
218.74415802955627,80.4,100.0,75.0,Rampa 1
219.72423195838928,80.3,100.0,80.0,Rampa 1
220.74629998207092,80.3,100.0,85.0,Rampa 1
221.76570916175842,80.3,100.0,89.0,Rampa 1
222.740131855011,80.2,100.0,94.0,Rampa 1
223.7665250301361,80.1,100.0,99.0,Rampa 1
224.79676485061646,80.1,100.0,100.0,Rampa 1
225.77443885803223,80.1,100.0,100.0,Rampa 1
226.8032989501953,80.1,100.0,100.0,Rampa 1
227.83638191223145,80.1,100.0,100.0,Rampa 1
228.81623101234436,80.0,100.0,100.0,Rampa 1
229.85525679588318,80.0,100.0,100.0,Rampa 1
230.89197707176208,80.0,100.0,100.0,Rampa 1
230.92407608032227,80.0,110.0,100.0,Rampa 2
231.83990716934204,80.1,110.0,100.0,Rampa 2
232.82462692260742,80.1,110.0,100.0,Rampa 2
233.84628987312317,80.1,110.0,100.0,Rampa 2
234.87235307693481,80.1,110.0,100.0,Rampa 2
235.85272979736328,80.2,110.0,100.0,Rampa 2
236.87549376487732,80.2,110.0,100.0,Rampa 2
237.84941005706787,80.3,110.0,100.0,Rampa 2
238.921452999115,80.4,110.0,100.0,Rampa 2
239.9416069984436,80.5,110.0,100.0,Rampa 2
240.90755891799927,80.6,110.0,100.0,Rampa 2
241.92940592765808,80.7,110.0,100.0,Rampa 2
242.92010498046875,80.8,110.0,100.0,Rampa 2
243.94659090042114,81.0,110.0,100.0,Rampa 2
244.92340302467346,81.1,110.0,100.0,Rampa 2
245.9478099346161,81.4,110.0,100.0,Rampa 2
246.9771909713745,81.6,110.0,100.0,Rampa 2
248.01257705688477,81.7,110.0,100.0,Rampa 2
249.05346202850342,82.0,110.0,100.0,Rampa 2
249.9873559474945,82.2,110.0,100.0,Rampa 2
251.02351212501526,82.5,110.0,100.0,Rampa 2
252.00874400138855,82.7,110.0,100.0,Rampa 2
253.03781509399414,83.0,110.0,100.0,Rampa 2
254.0699441432953,83.2,110.0,100.0,Rampa 2
255.05397987365723,83.5,110.0,100.0,Rampa 2
256.0363929271698,83.9,110.0,100.0,Rampa 2
257.0749819278717,84.2,110.0,100.0,Rampa 2
258.10694098472595,84.5,110.0,100.0,Rampa 2
259.0795907974243,84.9,110.0,100.0,Rampa 2
260.11349391937256,85.2,110.0,100.0,Rampa 2
261.0843448638916,85.6,110.0,100.0,Rampa 2
262.10050892829895,86.0,110.0,100.0,Rampa 2
263.1185758113861,86.4,110.0,100.0,Rampa 2
264.1336991786957,86.9,110.0,100.0,Rampa 2
265.16108894348145,87.3,110.0,100.0,Rampa 2
266.1246840953827,87.7,110.0,100.0,Rampa 2
267.15729689598083,88.2,110.0,98.0,Rampa 2
268.17156195640564,88.7,110.0,95.0,Rampa 2
269.14177894592285,89.1,110.0,92.0,Rampa 2
270.1268799304962,89.6,110.0,89.0,Rampa 2
271.14685797691345,90.1,110.0,86.0,Rampa 2
272.1761589050293,90.7,110.0,64.0,Rampa 2
273.15959095954895,91.2,110.0,61.0,Rampa 2
274.24515986442566,91.7,110.0,58.0,Rampa 2
275.173770904541,92.3,110.0,55.0,Rampa 2
276.2082870006561,92.8,110.0,52.0,Rampa 2
277.2390558719635,93.4,110.0,48.0,Rampa 2
278.22875690460205,93.9,110.0,45.0,Rampa 2
279.2621808052063,94.5,110.0,41.0,Rampa 2
280.23876881599426,95.1,110.0,38.0,Rampa 2
281.2738287448883,95.7,110.0,34.0,Rampa 2
282.2573461532593,96.3,110.0,30.0,Rampa 2
283.289265871048,96.9,110.0,27.0,Rampa 2
284.26305985450745,97.4,110.0,24.0,Rampa 2
285.2876570224762,98.1,110.0,1.0,Rampa 2
286.3243100643158,98.7,110.0,0.0,Rampa 2
287.31309485435486,99.2,110.0,0.0,Rampa 2
288.3031008243561,99.9,110.0,0.0,Rampa 2
289.3283529281616,100.4,110.0,0.0,Rampa 2
290.3044590950012,101.1,110.0,0.0,Rampa 2
291.38329815864563,101.7,110.0,0.0,Rampa 2
291.41014885902405,101.7,nan,0.0,Alarma
292.38611793518066,102.2,nan,0.0,Alarma
292.4101059436798,102.2,nan,0.0,Alarma
293.34668016433716,102.9,nan,0.0,Alarma
294.36897587776184,103.4,nan,0.0,Alarma
295.33954095840454,104.0,nan,0.0,Alarma
296.3648478984833,104.5,nan,0.0,Alarma
297.39163184165955,105.0,nan,0.0,Alarma
298.36386489868164,105.6,nan,0.0,Alarma
298.4671139717102,105.6,nan,0.0,Alarma
299.38768315315247,106.0,nan,0.0,Alarma
300.4410638809204,106.5,nan,0.0,Alarma
301.37874579429626,107.0,nan,0.0,Alarma
302.4202470779419,107.4,nan,0.0,Alarma
303.4652099609375,107.8,nan,0.0,Alarma
304.44875288009644,108.2,nan,0.0,Alarma
304.56121587753296,108.2,nan,0.0,Alarma
305.4924690723419,108.5,nan,0.0,Alarma
306.5293917655945,108.9,nan,0.0,Alarma
307.5135018825531,109.2,nan,0.0,Alarma
308.5013790130615,109.5,nan,0.0,Alarma
309.5389289855957,109.7,nan,0.0,Alarma
310.5751519203186,110.1,nan,0.0,Alarma
310.6099090576172,110.1,nan,0.0,Alarma
311.5848639011383,110.3,nan,0.0,Alarma
312.5274040699005,110.5,nan,0.0,Alarma
313.7210690975189,110.9,nan,0.0,Alarma
314.70373606681824,111.0,nan,0.0,Alarma
315.63896799087524,111.2,nan,0.0,Alarma
316.6147310733795,111.3,nan,0.0,Alarma
316.7151110172272,111.3,nan,0.0,Alarma
317.69371604919434,111.4,nan,0.0,Alarma
318.6802911758423,111.5,nan,0.0,Alarma
319.708890914917,111.6,nan,0.0,Alarma
320.7016439437866,111.6,nan,0.0,Alarma
321.6881091594696,111.7,nan,0.0,Alarma
322.6640930175781,111.7,nan,0.0,Alarma
322.7625548839569,111.7,nan,0.0,Alarma
323.6374750137329,111.8,nan,0.0,Alarma
324.6856999397278,111.8,nan,0.0,Alarma
325.6695308685303,111.8,nan,0.0,Alarma
326.7082030773163,111.8,nan,0.0,Alarma
327.6904339790344,111.8,nan,0.0,Alarma
328.6260259151459,111.8,nan,0.0,Alarma
328.7341420650482,111.8,nan,0.0,Alarma
329.7164649963379,111.9,nan,0.0,Alarma
330.70300793647766,111.8,nan,0.0,Alarma
331.7412180900574,111.8,nan,0.0,Alarma
332.72469997406006,111.7,nan,0.0,Alarma
333.76079201698303,111.7,nan,0.0,Alarma
334.6375379562378,111.6,nan,0.0,Alarma
334.80044293403625,111.6,nan,0.0,Alarma
335.80080699920654,111.6,nan,0.0,Alarma
336.8376798629761,111.6,nan,0.0,Alarma
337.77475094795227,111.6,nan,0.0,Alarma
338.81217312812805,111.4,nan,0.0,Alarma
339.8500008583069,111.4,nan,0.0,Alarma
340.67864990234375,111.4,nan,0.0,Alarma
340.83442401885986,111.4,nan,0.0,Alarma
341.85915184020996,111.2,nan,0.0,Alarma
342.8972821235657,111.1,nan,0.0,Alarma
343.8323829174042,111.0,nan,0.0,Alarma
344.8738360404968,111.0,nan,0.0,Alarma
345.90985083580017,110.9,nan,0.0,Alarma
346.69179701805115,110.8,nan,0.0,Alarma
346.9023849964142,110.8,nan,0.0,Alarma
347.92925095558167,110.6,nan,0.0,Alarma
348.9578287601471,110.5,nan,0.0,Alarma
349.98511600494385,110.5,nan,0.0,Alarma
351.01350593566895,110.3,nan,0.0,Alarma
351.68496680259705,110.2,nan,0.0,Enfriando
351.97665095329285,110.2,nan,0.0,Enfriando
352.9561789035797,110.1,nan,0.0,Enfriando
353.98521399497986,110.0,nan,0.0,Enfriando
355.00911498069763,109.8,nan,0.0,Enfriando
356.034775018692,109.7,nan,0.0,Enfriando
357.06841707229614,109.6,nan,0.0,Enfriando
358.05856680870056,109.5,nan,0.0,Enfriando
359.0998978614807,109.4,nan,0.0,Enfriando
360.0888578891754,109.2,nan,0.0,Enfriando
361.0738890171051,109.1,nan,0.0,Enfriando
362.1231060028076,109.0,nan,0.0,Enfriando
363.10751485824585,108.8,nan,0.0,Enfriando
364.0950458049774,108.7,nan,0.0,Enfriando
365.15720987319946,108.5,nan,0.0,Enfriando
366.1426420211792,108.4,nan,0.0,Enfriando
367.1813488006592,108.3,nan,0.0,Enfriando
368.1691219806671,108.1,nan,0.0,Enfriando
369.20793080329895,107.9,nan,0.0,Enfriando
370.193274974823,107.8,nan,0.0,Enfriando
371.23102378845215,107.7,nan,0.0,Enfriando
372.21138310432434,107.5,nan,0.0,Enfriando
373.1886730194092,107.4,nan,0.0,Enfriando
374.21650791168213,107.2,nan,0.0,Enfriando
375.2454569339752,107.1,nan,0.0,Enfriando
376.2713348865509,106.9,nan,0.0,Enfriando
377.30057978630066,106.8,nan,0.0,Enfriando
378.2298901081085,106.7,nan,0.0,Enfriando
379.3107399940491,106.5,nan,0.0,Enfriando
380.2851598262787,106.4,nan,0.0,Enfriando
381.3185758590698,106.2,nan,0.0,Enfriando
382.3476560115814,106.1,nan,0.0,Enfriando
383.28083777427673,106.0,nan,0.0,Enfriando
384.30901288986206,105.8,nan,0.0,Enfriando
385.34091997146606,105.7,nan,0.0,Enfriando
386.36886191368103,105.5,nan,0.0,Enfriando
387.39374804496765,105.4,nan,0.0,Enfriando
388.34400486946106,105.2,nan,0.0,Enfriando
389.38037300109863,105.1,nan,0.0,Enfriando
390.41407680511475,104.9,nan,0.0,Enfriando
391.4046850204468,104.8,nan,0.0,Enfriando
392.4470069408417,104.7,nan,0.0,Enfriando
393.39745473861694,104.6,nan,0.0,Enfriando
394.4367549419403,104.4,nan,0.0,Enfriando
395.47638392448425,104.3,nan,0.0,Enfriando
396.46185088157654,104.2,nan,0.0,Enfriando
397.5050277709961,104.0,nan,0.0,Enfriando
398.5052969455719,103.9,nan,0.0,Enfriando
399.4970507621765,103.7,nan,0.0,Enfriando
400.53839898109436,103.6,nan,0.0,Enfriando
401.4794690608978,103.5,nan,0.0,Enfriando
402.5205068588257,103.4,nan,0.0,Enfriando
403.5622069835663,103.2,nan,0.0,Enfriando
404.5464379787445,103.1,nan,0.0,Enfriando
405.5907919406891,103.0,nan,0.0,Enfriando
406.58357405662537,102.9,nan,0.0,Enfriando
407.5559837818146,102.8,nan,0.0,Enfriando
408.59543204307556,102.6,nan,0.0,Enfriando
409.5753700733185,102.4,nan,0.0,Enfriando
410.6081337928772,102.3,nan,0.0,Enfriando
411.64180612564087,102.2,nan,0.0,Enfriando
412.62265396118164,102.0,nan,0.0,Enfriando
413.6519491672516,101.9,nan,0.0,Enfriando
414.6228837966919,101.8,nan,0.0,Enfriando
415.7047669887543,101.6,nan,0.0,Enfriando
416.6849138736725,101.5,nan,0.0,Enfriando
417.6738591194153,101.4,nan,0.0,Enfriando
418.70104694366455,101.2,nan,0.0,Enfriando
419.6477918624878,101.1,nan,0.0,Enfriando
420.69328212738037,101.0,nan,0.0,Enfriando
421.68564796447754,100.8,nan,0.0,Enfriando
422.72523188591003,100.7,nan,0.0,Enfriando
423.7165279388428,100.6,nan,0.0,Enfriando
424.7594769001007,100.4,nan,0.0,Enfriando
425.74731397628784,100.3,nan,0.0,Enfriando
426.73973774909973,100.2,nan,0.0,Enfriando
427.7851860523224,100.0,nan,0.0,Enfriando
428.77737188339233,99.9,nan,0.0,Enfriando
429.8167498111725,99.7,nan,0.0,Enfriando
430.9074738025665,99.5,nan,0.0,Enfriando
431.946594953537,99.4,nan,0.0,Enfriando
432.94019412994385,99.3,nan,0.0,Enfriando
433.9293189048767,99.1,nan,0.0,Enfriando
434.9158720970154,99.0,nan,0.0,Enfriando
435.91260600090027,98.9,nan,0.0,Enfriando
436.90141010284424,98.7,nan,0.0,Enfriando
437.8866591453552,98.6,nan,0.0,Enfriando
438.9198799133301,98.5,nan,0.0,Enfriando
439.9482309818268,98.3,nan,0.0,Enfriando
440.92706298828125,98.2,nan,0.0,Enfriando
441.9051010608673,98.1,nan,0.0,Enfriando
442.9383738040924,98.0,nan,0.0,Enfriando
443.9689519405365,97.8,nan,0.0,Enfriando
445.00265288352966,97.7,nan,0.0,Enfriando
445.98460698127747,97.6,nan,0.0,Enfriando
446.9675431251526,97.4,nan,0.0,Enfriando
447.9559180736542,97.3,nan,0.0,Enfriando
448.9860899448395,97.2,nan,0.0,Enfriando
450.0261688232422,97.1,nan,0.0,Enfriando
451.0170650482178,96.9,nan,0.0,Enfriando
452.05856490135193,96.9,nan,0.0,Enfriando
452.9948649406433,96.7,nan,0.0,Enfriando
454.0344729423523,96.6,nan,0.0,Enfriando
455.0770959854126,96.4,nan,0.0,Enfriando
456.07313895225525,96.3,nan,0.0,Enfriando
457.06558990478516,96.2,nan,0.0,Enfriando
458.10552406311035,96.1,nan,0.0,Enfriando
459.04532289505005,96.0,nan,0.0,Enfriando
460.08481311798096,95.8,nan,0.0,Enfriando
461.1263029575348,95.7,nan,0.0,Enfriando
462.1320879459381,95.6,nan,0.0,Enfriando
463.12277603149414,95.5,nan,0.0,Enfriando
464.1092019081116,95.3,nan,0.0,Enfriando
465.15504479408264,95.2,nan,0.0,Enfriando
466.1431188583374,95.1,nan,0.0,Enfriando
467.17651987075806,95.0,nan,0.0,Enfriando
468.20837783813477,94.9,nan,0.0,Enfriando
469.1968140602112,94.8,nan,0.0,Enfriando
470.1799900531769,94.7,nan,0.0,Enfriando
471.2112419605255,94.5,nan,0.0,Enfriando
472.19076776504517,94.4,nan,0.0,Enfriando
473.22166085243225,94.3,nan,0.0,Enfriando
474.20219898223877,94.2,nan,0.0,Enfriando
475.2294850349426,94.1,nan,0.0,Enfriando
476.257150888443,93.9,nan,0.0,Enfriando
477.2841100692749,93.8,nan,0.0,Enfriando
478.25968885421753,93.7,nan,0.0,Enfriando
479.252347946167,93.6,nan,0.0,Enfriando
480.2534830570221,93.5,nan,0.0,Enfriando
481.29699087142944,93.4,nan,0.0,Enfriando
482.28882002830505,93.2,nan,0.0,Enfriando
483.34326791763306,93.1,nan,0.0,Enfriando
484.3324248790741,93.0,nan,0.0,Enfriando
485.32331895828247,92.9,nan,0.0,Enfriando
486.37490487098694,92.8,nan,0.0,Enfriando
487.3627529144287,92.7,nan,0.0,Enfriando
488.402489900589,92.6,nan,0.0,Enfriando
489.43534207344055,92.5,nan,0.0,Enfriando
490.3733308315277,92.4,nan,0.0,Enfriando
491.41126704216003,92.3,nan,0.0,Enfriando
492.40397787094116,92.2,nan,0.0,Enfriando
493.44886088371277,92.0,nan,0.0,Enfriando
494.43925881385803,92.0,nan,0.0,Enfriando
495.4797649383545,91.8,nan,0.0,Enfriando
496.46990394592285,91.7,nan,0.0,Enfriando
497.50395011901855,91.6,nan,0.0,Enfriando
498.4848368167877,91.5,nan,0.0,Enfriando
499.4806399345398,91.4,nan,0.0,Enfriando
500.4574248790741,91.3,nan,0.0,Enfriando
501.4901030063629,91.2,nan,0.0,Enfriando
502.4731230735779,91.1,nan,0.0,Enfriando
503.5053939819336,91.0,nan,0.0,Enfriando
504.5482177734375,90.9,nan,0.0,Enfriando
505.5243649482727,90.7,nan,0.0,Enfriando
506.55552196502686,90.6,nan,0.0,Enfriando
507.5818350315094,90.5,nan,0.0,Enfriando
508.556263923645,90.4,nan,0.0,Enfriando
509.6062500476837,90.3,nan,0.0,Enfriando
510.59120297431946,90.2,nan,0.0,Enfriando
511.6267879009247,90.1,nan,0.0,Enfriando
512.6593358516693,90.0,nan,0.0,Enfriando
513.598522901535,89.9,nan,0.0,Enfriando
514.6411678791046,89.8,nan,0.0,Enfriando
515.6296188831329,89.7,nan,0.0,Enfriando
516.6703758239746,89.6,nan,0.0,Enfriando
517.7097039222717,89.5,nan,0.0,Enfriando
518.701700925827,89.4,nan,0.0,Enfriando
519.6918540000916,89.3,nan,0.0,Enfriando
520.6831178665161,89.1,nan,0.0,Enfriando
521.6769170761108,89.0,nan,0.0,Enfriando
522.7129857540131,89.0,nan,0.0,Enfriando
523.7532439231873,88.9,nan,0.0,Enfriando
524.7422299385071,88.8,nan,0.0,Enfriando
525.7295269966125,88.6,nan,0.0,Enfriando
526.7571289539337,88.6,nan,0.0,Enfriando
527.7849109172821,88.4,nan,0.0,Enfriando
528.8176169395447,88.4,nan,0.0,Enfriando
529.7941470146179,88.3,nan,0.0,Enfriando
530.8254919052124,88.2,nan,0.0,Enfriando
531.804004907608,88.1,nan,0.0,Enfriando
532.8368439674377,88.0,nan,0.0,Enfriando
533.8127858638763,87.9,nan,0.0,Enfriando
534.8548390865326,87.8,nan,0.0,Enfriando
535.8861749172211,87.7,nan,0.0,Enfriando
536.8718640804291,87.6,nan,0.0,Enfriando
537.899505853653,87.5,nan,0.0,Enfriando
538.8806359767914,87.4,nan,0.0,Enfriando
539.8676319122314,87.3,nan,0.0,Enfriando
540.9090061187744,87.2,nan,0.0,Enfriando
541.9002499580383,87.1,nan,0.0,Enfriando
542.9409439563751,87.1,nan,0.0,Enfriando
543.9346508979797,87.0,nan,0.0,Enfriando
544.9765560626984,86.9,nan,0.0,Enfriando
545.9670360088348,86.8,nan,0.0,Enfriando
546.9590809345245,86.7,nan,0.0,Enfriando
548.0019698143005,86.7,nan,0.0,Enfriando
548.9947469234467,86.6,nan,0.0,Enfriando
550.0323038101196,86.5,nan,0.0,Enfriando
551.0326237678528,86.4,nan,0.0,Enfriando
552.0242297649384,86.3,nan,0.0,Enfriando
553.0145280361176,86.2,nan,0.0,Enfriando
554.0544409751892,86.2,nan,0.0,Enfriando
555.0429890155792,86.1,nan,0.0,Enfriando
556.0336198806763,86.0,nan,0.0,Enfriando
557.061635017395,85.9,nan,0.0,Enfriando
558.088161945343,85.8,nan,0.0,Enfriando
559.1223187446594,85.7,nan,0.0,Enfriando
560.0510079860687,85.7,nan,0.0,Enfriando
561.0842890739441,85.6,nan,0.0,Enfriando
562.1184997558594,85.4,nan,0.0,Enfriando
563.1486940383911,85.4,nan,0.0,Enfriando
564.1243278980255,85.3,nan,0.0,Enfriando
565.2059459686279,85.2,nan,0.0,Enfriando
566.2350778579712,85.1,nan,0.0,Enfriando
567.1178057193756,85.0,nan,0.0,Enfriando
568.1457469463348,85.0,nan,0.0,Enfriando
569.1418418884277,84.9,nan,0.0,Enfriando
570.1880037784576,84.8,nan,0.0,Enfriando
571.179701089859,84.7,nan,0.0,Enfriando
572.1750950813293,84.6,nan,0.0,Enfriando
573.213986158371,84.5,nan,0.0,Enfriando
574.2547657489777,84.4,nan,0.0,Enfriando
575.2976989746094,84.3,nan,0.0,Enfriando
576.335235118866,84.1,nan,0.0,Enfriando
577.2845759391785,84.1,nan,0.0,Enfriando
578.3792219161987,84.0,nan,0.0,Enfriando
579.3698580265045,83.8,nan,0.0,Enfriando
580.420147895813,83.8,nan,0.0,Enfriando
581.4122388362885,83.7,nan,0.0,Enfriando
582.4062750339508,83.5,nan,0.0,Enfriando
583.403254032135,83.5,nan,0.0,Enfriando
584.3909361362457,83.4,nan,0.0,Enfriando
585.4351649284363,83.2,nan,0.0,Enfriando
586.4205367565155,83.2,nan,0.0,Enfriando
587.3986120223999,83.1,nan,0.0,Enfriando
588.4419028759003,83.0,nan,0.0,Enfriando
589.38330078125,83.0,nan,0.0,Enfriando
590.4083268642426,82.9,nan,0.0,Enfriando
591.4372510910034,82.8,nan,0.0,Enfriando
592.4183928966522,82.7,nan,0.0,Enfriando
593.4011068344116,82.6,nan,0.0,Enfriando
594.4349408149719,82.5,nan,0.0,Enfriando
595.4638268947601,82.4,nan,0.0,Enfriando
596.4412190914154,82.3,nan,0.0,Enfriando
597.4236900806427,82.2,nan,0.0,Enfriando
598.4496078491211,82.1,nan,0.0,Enfriando
599.4760599136353,82.1,nan,0.0,Enfriando
600.5101659297943,82.0,nan,0.0,Enfriando
601.492653131485,81.9,nan,0.0,Enfriando
602.5365030765533,81.8,nan,0.0,Enfriando
603.5749559402466,81.8,nan,0.0,Enfriando
604.5639770030975,81.7,nan,0.0,Enfriando
605.5515038967133,81.6,nan,0.0,Enfriando
606.5936899185181,81.5,nan,0.0,Enfriando
607.58198595047,81.4,nan,0.0,Enfriando
608.5752310752869,81.4,nan,0.0,Enfriando
609.6202590465546,81.2,nan,0.0,Enfriando
610.6120159626007,81.2,nan,0.0,Enfriando
611.6559548377991,81.1,nan,0.0,Enfriando
612.6513950824738,81.0,nan,0.0,Enfriando
613.6940109729767,80.9,nan,0.0,Enfriando
614.6340837478638,80.8,nan,0.0,Enfriando
615.6783921718597,80.7,nan,0.0,Enfriando
616.6669459342957,80.7,nan,0.0,Enfriando
617.648225069046,80.6,nan,0.0,Enfriando
618.6805958747864,80.5,nan,0.0,Enfriando
619.7070510387421,80.4,nan,0.0,Enfriando
620.7343249320984,80.4,nan,0.0,Enfriando
621.7106900215149,80.2,nan,0.0,Enfriando
622.7420990467072,80.1,nan,0.0,Enfriando
623.7720310688019,80.1,nan,0.0,Enfriando
624.7086999416351,80.0,nan,0.0,Enfriando
625.7409830093384,79.9,nan,0.0,Enfriando
626.7695660591125,79.8,nan,0.0,Enfriando
627.7481729984283,79.7,nan,0.0,Enfriando
628.7791590690613,79.7,nan,0.0,Enfriando
629.8047239780426,79.6,nan,0.0,Enfriando
630.7879800796509,79.5,nan,0.0,Enfriando
631.8248369693756,79.4,nan,0.0,Enfriando
632.8043179512024,79.3,nan,0.0,Enfriando
633.8590657711029,79.2,nan,0.0,Enfriando
634.8492517471313,79.1,nan,0.0,Enfriando
635.8894300460815,79.1,nan,0.0,Enfriando
636.867399930954,79.0,nan,0.0,Enfriando
637.8645169734955,78.9,nan,0.0,Enfriando
638.9156007766724,78.8,nan,0.0,Enfriando
639.900622844696,78.8,nan,0.0,Enfriando
640.9245359897614,78.7,nan,0.0,Enfriando
641.9521098136902,78.6,nan,0.0,Enfriando
642.93341588974,78.5,nan,0.0,Enfriando
643.9191999435425,78.4,nan,0.0,Enfriando
644.9666209220886,78.3,nan,0.0,Enfriando
645.9560058116913,78.2,nan,0.0,Enfriando
646.9411950111389,78.2,nan,0.0,Enfriando
647.9787950515747,78.1,nan,0.0,Enfriando
649.0102500915527,78.0,nan,0.0,Enfriando
649.997624874115,78.0,nan,0.0,Enfriando
651.0216720104218,77.8,nan,0.0,Enfriando
651.9997980594635,77.8,nan,0.0,Enfriando
653.0269849300385,77.7,nan,0.0,Enfriando
654.0579018592834,77.6,nan,0.0,Enfriando
654.9841499328613,77.6,nan,0.0,Enfriando
656.0148899555206,77.5,nan,0.0,Enfriando
657.0596339702606,77.4,nan,0.0,Enfriando
658.1476409435272,77.3,nan,0.0,Enfriando
659.0761859416962,77.2,nan,0.0,Enfriando
660.057678937912,77.2,nan,0.0,Enfriando
661.2011959552765,77.1,nan,0.0,Enfriando
662.0819718837738,77.1,nan,0.0,Enfriando
663.1251089572906,77.0,nan,0.0,Enfriando
664.1116030216217,76.9,nan,0.0,Enfriando
665.1024329662323,76.8,nan,0.0,Enfriando
666.1435379981995,76.7,nan,0.0,Enfriando
667.1832828521729,76.7,nan,0.0,Enfriando
668.1693198680878,76.6,nan,0.0,Enfriando
669.1676480770111,76.5,nan,0.0,Enfriando
670.2139520645142,76.5,nan,0.0,Enfriando
671.1560788154602,76.4,nan,0.0,Enfriando
672.1984550952911,76.3,nan,0.0,Enfriando
673.2390158176422,76.2,nan,0.0,Enfriando
674.233216047287,76.2,nan,0.0,Enfriando
675.2251799106598,76.1,nan,0.0,Enfriando
676.2185368537903,76.0,nan,0.0,Enfriando
677.2625598907471,76.0,nan,0.0,Enfriando
678.2471599578857,75.9,nan,0.0,Enfriando
679.2770318984985,75.8,nan,0.0,Enfriando
680.2580721378326,75.8,nan,0.0,Enfriando
681.2905080318451,75.7,nan,0.0,Enfriando
682.2724227905273,75.7,nan,0.0,Enfriando
683.2976410388947,75.6,nan,0.0,Enfriando
684.3235230445862,75.5,nan,0.0,Enfriando
685.3065819740295,75.4,nan,0.0,Enfriando
686.288202047348,75.4,nan,0.0,Enfriando
687.3209841251373,75.4,nan,0.0,Enfriando
688.2956910133362,75.2,nan,0.0,Enfriando
689.3318750858307,75.1,nan,0.0,Enfriando
690.3228249549866,75.1,nan,0.0,Enfriando
691.3693308830261,74.9,nan,0.0,Enfriando
692.353579044342,75.0,nan,0.0,Enfriando
693.3876450061798,74.8,nan,0.0,Enfriando
694.377564907074,74.7,nan,0.0,Enfriando
695.3597960472107,74.7,nan,0.0,Enfriando
696.4061608314514,74.6,nan,0.0,Enfriando
697.4514939785004,74.5,nan,0.0,Enfriando
698.3874218463898,74.5,nan,0.0,Enfriando
699.4167628288269,74.4,nan,0.0,Enfriando
700.4503040313721,74.3,nan,0.0,Enfriando
701.4462568759918,74.2,nan,0.0,Enfriando
702.4906380176544,74.2,nan,0.0,Enfriando
703.4337317943573,74.1,nan,0.0,Enfriando
704.4761390686035,74.1,nan,0.0,Enfriando
705.5200068950653,74.0,nan,0.0,Enfriando
706.5124678611755,73.9,nan,0.0,Enfriando
707.45201587677,73.8,nan,0.0,Enfriando
708.4920709133148,73.8,nan,0.0,Enfriando
709.5220720767975,73.7,nan,0.0,Enfriando
710.5567219257355,73.6,nan,0.0,Enfriando
711.4844038486481,73.6,nan,0.0,Enfriando
712.5230729579926,73.5,nan,0.0,Enfriando
713.5510568618774,73.4,nan,0.0,Enfriando
714.538605928421,73.4,nan,0.0,Enfriando
715.5156290531158,73.3,nan,0.0,Enfriando
716.5447397232056,73.2,nan,0.0,Enfriando
717.5800609588623,73.1,nan,0.0,Enfriando
718.5647978782654,73.1,nan,0.0,Enfriando
719.6041758060455,73.0,nan,0.0,Enfriando
720.5941088199615,72.9,nan,0.0,Enfriando
721.643620967865,72.9,nan,0.0,Enfriando
722.6345989704132,72.8,nan,0.0,Enfriando
723.569699048996,72.7,nan,0.0,Enfriando
724.6085817813873,72.7,nan,0.0,Enfriando
725.6441779136658,72.6,nan,0.0,Enfriando
726.7377269268036,72.5,nan,0.0,Enfriando
727.6256639957428,72.4,nan,0.0,Enfriando
728.7673978805542,72.3,nan,0.0,Enfriando
729.7068839073181,72.4,nan,0.0,Enfriando
730.6920928955078,72.3,nan,0.0,Enfriando
731.6862850189209,72.2,nan,0.0,Enfriando
732.7228529453278,72.2,nan,0.0,Enfriando
733.7654328346252,72.1,nan,0.0,Enfriando
734.7005860805511,72.0,nan,0.0,Enfriando
735.7487280368805,72.0,nan,0.0,Enfriando
736.738322019577,71.9,nan,0.0,Enfriando
737.7118389606476,71.8,nan,0.0,Enfriando
738.7498371601105,71.8,nan,0.0,Enfriando
739.7746648788452,71.7,nan,0.0,Enfriando
740.7554061412811,71.7,nan,0.0,Enfriando
741.7849237918854,71.6,nan,0.0,Enfriando
742.8133308887482,71.5,nan,0.0,Enfriando
743.7929940223694,71.4,nan,0.0,Enfriando
744.8233609199524,71.4,nan,0.0,Enfriando
745.8558268547058,71.3,nan,0.0,Enfriando
746.9829199314117,71.2,nan,0.0,Enfriando
747.8654658794403,71.2,nan,0.0,Enfriando
748.8449950218201,71.1,nan,0.0,Enfriando
749.8831269741058,71.1,nan,0.0,Enfriando
750.8266208171844,71.0,nan,0.0,Enfriando
751.8664178848267,71.0,nan,0.0,Enfriando
752.9096069335938,70.9,nan,0.0,Enfriando
753.8945488929749,70.8,nan,0.0,Enfriando
754.8868029117584,70.8,nan,0.0,Enfriando
755.9226970672607,70.7,nan,0.0,Enfriando
756.9545109272003,70.7,nan,0.0,Enfriando
757.9527187347412,70.6,nan,0.0,Enfriando
758.9383418560028,70.5,nan,0.0,Enfriando
759.9781188964844,70.5,nan,0.0,Enfriando
760.9688000679016,70.4,nan,0.0,Enfriando
761.9568920135498,70.4,nan,0.0,Enfriando
763.0000021457672,70.3,nan,0.0,Enfriando
763.9898869991302,70.2,nan,0.0,Enfriando
765.0247299671173,70.2,nan,0.0,Enfriando
766.0089008808136,70.2,nan,0.0,Enfriando
767.0582430362701,70.1,nan,0.0,Enfriando
767.9803330898285,70.1,nan,0.0,Enfriando
769.012983083725,70.0,nan,0.0,Enfriando
770.0516040325165,70.0,nan,0.0,Enfriando
771.029727935791,69.9,nan,0.0,Enfriando
772.0689148902893,69.8,nan,0.0,Enfriando
773.0483109951019,69.8,nan,0.0,Enfriando
774.0904769897461,69.7,nan,0.0,Enfriando
775.0716240406036,69.7,nan,0.0,Enfriando
776.1085059642792,69.6,nan,0.0,Enfriando
777.0890259742737,69.6,nan,0.0,Enfriando
778.1378638744354,69.5,nan,0.0,Enfriando
779.115494966507,69.5,nan,0.0,Enfriando
780.1582999229431,69.4,nan,0.0,Enfriando
781.1509687900543,69.3,nan,0.0,Enfriando
782.1478190422058,69.3,nan,0.0,Enfriando
783.1887259483337,69.2,nan,0.0,Enfriando
784.1722059249878,69.1,nan,0.0,Enfriando
785.2168247699738,69.1,nan,0.0,Enfriando
786.2520928382874,69.0,nan,0.0,Enfriando
787.2414951324463,68.9,nan,0.0,Enfriando
788.2337951660156,68.9,nan,0.0,Enfriando
789.2261769771576,68.9,nan,0.0,Enfriando
790.2730660438538,68.8,nan,0.0,Enfriando
791.2669298648834,68.7,nan,0.0,Enfriando
792.3062348365784,68.7,nan,0.0,Enfriando
793.2404580116272,68.6,nan,0.0,Enfriando
794.2877428531647,68.6,nan,0.0,Enfriando
795.2746858596802,68.5,nan,0.0,Enfriando
796.3046951293945,68.5,nan,0.0,Enfriando
797.337259054184,68.4,nan,0.0,Enfriando
798.3151760101318,68.4,nan,0.0,Enfriando
799.2944509983063,68.3,nan,0.0,Enfriando
800.3191869258881,68.2,nan,0.0,Enfriando
801.356440782547,68.2,nan,0.0,Enfriando
802.3396279811859,68.2,nan,0.0,Enfriando
803.3742017745972,68.1,nan,0.0,Enfriando
804.4029169082642,68.1,nan,0.0,Enfriando
805.3384211063385,68.0,nan,0.0,Enfriando
806.3677198886871,67.8,nan,0.0,Enfriando
807.3983590602875,67.9,nan,0.0,Enfriando
808.3906328678131,67.7,nan,0.0,Enfriando
809.3824169635773,67.7,nan,0.0,Enfriando
810.4306428432465,67.6,nan,0.0,Enfriando
811.4165639877319,67.6,nan,0.0,Enfriando
812.4465658664703,67.6,nan,0.0,Enfriando
813.4313390254974,67.5,nan,0.0,Enfriando
814.4689478874207,67.5,nan,0.0,Enfriando
815.3997299671173,67.4,nan,0.0,Enfriando
816.4335169792175,67.4,nan,0.0,Enfriando
817.4841301441193,67.2,nan,0.0,Enfriando
818.4712619781494,67.2,nan,0.0,Enfriando
819.5100829601288,67.1,nan,0.0,Enfriando
820.5015869140625,67.1,nan,0.0,Enfriando
821.4922139644623,67.0,nan,0.0,Enfriando
822.5263938903809,67.0,nan,0.0,Enfriando
823.5050868988037,66.9,nan,0.0,Enfriando
824.5023968219757,66.8,nan,0.0,Enfriando
825.5374038219452,66.7,nan,0.0,Enfriando
826.5682530403137,66.7,nan,0.0,Enfriando
827.546709060669,66.6,nan,0.0,Enfriando
828.5757789611816,66.5,nan,0.0,Enfriando
829.5511329174042,66.5,nan,0.0,Enfriando
830.588073015213,66.4,nan,0.0,Enfriando
831.5632269382477,66.4,nan,0.0,Enfriando
832.5421860218048,66.3,nan,0.0,Enfriando
833.5683798789978,66.3,nan,0.0,Enfriando
834.5960319042206,66.2,nan,0.0,Enfriando
835.6260499954224,66.1,nan,0.0,Enfriando
836.6148538589478,66.1,nan,0.0,Enfriando
837.6522288322449,66.0,nan,0.0,Enfriando
838.6395809650421,66.0,nan,0.0,Enfriando
839.6705098152161,65.9,nan,0.0,Enfriando
840.6982500553131,65.8,nan,0.0,Enfriando
841.6792469024658,65.8,nan,0.0,Enfriando
842.6693141460419,65.7,nan,0.0,Enfriando
843.7041878700256,65.7,nan,0.0,Enfriando
844.6970608234406,65.6,nan,0.0,Enfriando
845.6806879043579,65.6,nan,0.0,Enfriando
846.6719369888306,65.5,nan,0.0,Enfriando
847.7161417007446,65.5,nan,0.0,Enfriando
848.7590680122375,65.4,nan,0.0,Enfriando
849.692281961441,65.4,nan,0.0,Enfriando
850.7358798980713,65.3,nan,0.0,Enfriando
851.767993927002,65.2,nan,0.0,Enfriando
852.7437009811401,65.2,nan,0.0,Enfriando
853.7262449264526,65.2,nan,0.0,Enfriando
854.7533121109009,65.1,nan,0.0,Enfriando
855.7900319099426,65.1,nan,0.0,Enfriando
856.770879983902,65.0,nan,0.0,Enfriando
857.7492160797119,65.0,nan,0.0,Enfriando
858.7832038402557,64.9,nan,0.0,Enfriando
859.8124480247498,64.8,nan,0.0,Enfriando
860.7934861183167,64.8,nan,0.0,Enfriando
861.7811357975006,64.8,nan,0.0,Enfriando
862.8257179260254,64.6,nan,0.0,Enfriando
863.866044998169,64.7,nan,0.0,Enfriando
864.8570160865784,64.6,nan,0.0,Enfriando
865.8497560024261,64.5,nan,0.0,Enfriando
866.8893859386444,64.4,nan,0.0,Enfriando
867.8755760192871,64.4,nan,0.0,Enfriando
868.9251639842987,64.4,nan,0.0,Enfriando
869.8596239089966,64.3,nan,0.0,Enfriando
870.9016439914703,64.2,nan,0.0,Enfriando
871.9415481090546,64.2,nan,0.0,Enfriando
872.9318499565125,64.1,nan,0.0,Enfriando
873.9787969589233,64.1,nan,0.0,Enfriando
874.9219388961792,64.0,nan,0.0,Enfriando
875.9713270664215,63.9,nan,0.0,Enfriando
876.9661428928375,63.9,nan,0.0,Enfriando
877.9573879241943,63.8,nan,0.0,Enfriando
879.0015199184418,63.8,nan,0.0,Enfriando
879.9912269115448,63.8,nan,0.0,Enfriando
881.0327508449554,63.7,nan,0.0,Enfriando
882.0160450935364,63.7,nan,0.0,Enfriando
882.9891448020935,63.6,nan,0.0,Enfriando
884.019917011261,63.6,nan,0.0,Enfriando
885.0491650104523,63.5,nan,0.0,Enfriando
886.0835027694702,63.5,nan,0.0,Enfriando
887.0671789646149,63.4,nan,0.0,Enfriando
888.1024498939514,63.4,nan,0.0,Enfriando
889.036896944046,63.4,nan,0.0,Enfriando
890.068550825119,63.3,nan,0.0,Enfriando
891.1044957637787,63.2,nan,0.0,Enfriando
892.098650932312,63.1,nan,0.0,Enfriando
893.1465537548065,63.1,nan,0.0,Enfriando
894.0909268856049,63.1,nan,0.0,Enfriando
895.1394488811493,63.0,nan,0.0,Enfriando
896.1297359466553,63.0,nan,0.0,Enfriando
897.1699278354645,62.9,nan,0.0,Enfriando
898.1117179393768,62.9,nan,0.0,Enfriando
899.1573939323425,62.8,nan,0.0,Enfriando
900.1582200527191,62.8,nan,0.0,Enfriando
901.1967570781708,62.8,nan,0.0,Enfriando
902.187273979187,62.7,nan,0.0,Enfriando
903.2280640602112,62.7,nan,0.0,Enfriando
904.1708710193634,62.5,nan,0.0,Enfriando
905.2237899303436,62.5,nan,0.0,Enfriando
906.2135329246521,62.5,nan,0.0,Enfriando
907.2417941093445,62.4,nan,0.0,Enfriando
908.2191939353943,62.4,nan,0.0,Enfriando
909.2507667541504,62.3,nan,0.0,Enfriando
910.2346370220184,62.2,nan,0.0,Enfriando
911.2687039375305,62.2,nan,0.0,Enfriando
912.2508978843689,62.1,nan,0.0,Enfriando
913.2795469760895,62.1,nan,0.0,Enfriando
914.2590689659119,62.0,nan,0.0,Enfriando
915.2471480369568,62.0,nan,0.0,Enfriando
916.2912299633026,62.0,nan,0.0,Enfriando
917.2806520462036,61.9,nan,0.0,Enfriando
918.3209338188171,61.8,nan,0.0,Enfriando
919.3139750957489,61.8,nan,0.0,Enfriando
920.3583838939667,61.7,nan,0.0,Enfriando
921.359414100647,61.7,nan,0.0,Enfriando
922.3456919193268,61.6,nan,0.0,Enfriando
923.3861718177795,61.6,nan,0.0,Enfriando
924.3766248226166,61.5,nan,0.0,Enfriando
925.3709828853607,61.5,nan,0.0,Enfriando
926.4075078964233,61.5,nan,0.0,Enfriando
927.4432368278503,61.4,nan,0.0,Enfriando
928.3796339035034,61.4,nan,0.0,Enfriando
929.4262118339539,61.3,nan,0.0,Enfriando
930.4160199165344,61.3,nan,0.0,Enfriando
931.3999700546265,61.2,nan,0.0,Enfriando
932.4345490932465,61.2,nan,0.0,Enfriando
933.465497970581,61.1,nan,0.0,Enfriando
934.4429919719696,61.1,nan,0.0,Enfriando
935.4264330863953,61.1,nan,0.0,Enfriando
936.4613869190216,61.0,nan,0.0,Enfriando
937.4404349327087,60.9,nan,0.0,Enfriando
938.4691679477692,60.9,nan,0.0,Enfriando
939.5070190429688,60.8,nan,0.0,Enfriando
940.5448169708252,60.8,nan,0.0,Enfriando
941.5280940532684,60.7,nan,0.0,Enfriando
942.5157351493835,60.7,nan,0.0,Enfriando
943.5040121078491,60.6,nan,0.0,Enfriando
944.5415828227997,60.5,nan,0.0,Enfriando
945.5797379016876,60.5,nan,0.0,Enfriando
946.5345239639282,60.4,nan,0.0,Enfriando
947.5855419635773,60.4,nan,0.0,Enfriando
948.6197698116302,60.4,nan,0.0,Enfriando
949.5600781440735,60.3,nan,0.0,Enfriando
950.5994009971619,60.3,nan,0.0,Enfriando
951.6430609226227,60.2,nan,0.0,Enfriando
952.5943579673767,60.2,nan,0.0,Enfriando
953.638473033905,60.1,nan,0.0,Enfriando
954.6754870414734,60.1,nan,0.0,Enfriando
955.6654379367828,60.1,nan,0.0,Enfriando
956.6590840816498,60.1,nan,0.0,Enfriando
957.6546719074249,60.0,nan,0.0,Enfriando
958.6475899219513,60.0,nan,0.0,Enfriando
959.6891188621521,59.9,nan,0.0,Enfriando
960.6843659877777,59.8,nan,0.0,Enfriando
961.6635630130768,59.8,nan,0.0,Enfriando
962.7428097724915,59.7,nan,0.0,Enfriando
963.7295608520508,59.7,nan,0.0,Enfriando
964.709568977356,59.7,nan,0.0,Enfriando
965.7373058795929,59.7,nan,0.0,Enfriando
966.7176258563995,59.6,nan,0.0,Enfriando
967.7486100196838,59.6,nan,0.0,Enfriando
968.776921749115,59.5,nan,0.0,Enfriando
969.7581899166107,59.5,nan,0.0,Enfriando
970.788379907608,59.4,nan,0.0,Enfriando
971.769150018692,59.4,nan,0.0,Enfriando
972.8157670497894,59.3,nan,0.0,Enfriando
973.8035898208618,59.3,nan,0.0,Enfriando
974.7939839363098,59.2,nan,0.0,Enfriando
975.8407418727875,59.2,nan,0.0,Enfriando
976.8423428535461,59.1,nan,0.0,Enfriando
977.8319680690765,59.1,nan,0.0,Enfriando
978.8727381229401,59.0,nan,0.0,Enfriando
979.8587720394135,59.0,nan,0.0,Enfriando
980.900486946106,58.9,nan,0.0,Enfriando
981.8948180675507,58.9,nan,0.0,Enfriando
982.8867180347443,58.8,nan,0.0,Enfriando
984.0359580516815,58.8,nan,0.0,Enfriando
984.8759679794312,58.8,nan,0.0,Enfriando
985.9119670391083,58.7,nan,0.0,Enfriando
986.9474198818207,58.7,nan,0.0,Enfriando
987.9449489116669,58.7,nan,0.0,Enfriando
988.9917168617249,58.6,nan,0.0,Enfriando
989.9233160018921,58.5,nan,0.0,Enfriando
990.9548060894012,58.5,nan,0.0,Enfriando
991.935418844223,58.4,nan,0.0,Enfriando
992.9641699790955,58.4,nan,0.0,Enfriando
993.9934070110321,58.3,nan,0.0,Enfriando
994.9755058288574,58.3,nan,0.0,Enfriando
996.0097079277039,58.2,nan,0.0,Enfriando
996.9954240322113,58.2,nan,0.0,Enfriando
997.9711399078369,58.1,nan,0.0,Enfriando
999.0020349025726,58.1,nan,0.0,Enfriando
1000.0328209400177,58.1,nan,0.0,Enfriando
1001.0121648311615,58.0,nan,0.0,Enfriando
1002.0110249519348,58.0,nan,0.0,Enfriando
1003.0491719245911,57.9,nan,0.0,Enfriando
1004.0931220054626,57.9,nan,0.0,Enfriando
1005.0741200447083,57.8,nan,0.0,Enfriando
1006.1014530658722,57.8,nan,0.0,Enfriando
1007.072872877121,57.8,nan,0.0,Enfriando
1008.1146450042725,57.8,nan,0.0,Enfriando
1009.1051797866821,57.7,nan,0.0,Enfriando
1010.1496257781982,57.7,nan,0.0,Enfriando
1011.1393699645996,57.6,nan,0.0,Enfriando
1012.1758239269257,57.6,nan,0.0,Enfriando
1013.1589000225067,57.6,nan,0.0,Enfriando
1014.1556239128113,57.5,nan,0.0,Enfriando
1015.2016289234161,57.5,nan,0.0,Enfriando
1016.1417107582092,57.4,nan,0.0,Enfriando
1017.1759328842163,57.4,nan,0.0,Enfriando
1018.2085928916931,57.4,nan,0.0,Enfriando
1019.1876289844513,57.3,nan,0.0,Enfriando
1020.1670370101929,57.4,nan,0.0,Enfriando
1021.2029798030853,57.2,nan,0.0,Enfriando
1022.2377560138702,57.2,nan,0.0,Enfriando
1023.2743680477142,57.2,nan,0.0,Enfriando
1024.2076108455658,57.2,nan,0.0,Enfriando
1025.245600938797,57.1,nan,0.0,Enfriando
1026.277510881424,57.0,nan,0.0,Enfriando
1027.2589387893677,57.0,nan,0.0,Enfriando
1028.2432310581207,57.0,nan,0.0,Enfriando
1029.2803447246552,56.9,nan,0.0,Enfriando
1030.3194508552551,56.9,nan,0.0,Enfriando
1031.318371772766,56.8,nan,0.0,Enfriando
1032.4158918857574,56.8,nan,0.0,Enfriando
1033.3260080814362,56.7,nan,0.0,Enfriando
1034.3167958259583,56.7,nan,0.0,Enfriando
1035.3155148029327,56.6,nan,0.0,Enfriando
1036.357263803482,56.6,nan,0.0,Enfriando
1037.3483469486237,56.6,nan,0.0,Enfriando
1038.3891110420227,56.5,nan,0.0,Enfriando
1039.432303905487,56.5,nan,0.0,Enfriando
1040.421371936798,56.5,nan,0.0,Enfriando
1041.4035127162933,56.4,nan,0.0,Enfriando
1042.4381449222565,56.3,nan,0.0,Enfriando
1043.4259870052338,56.3,nan,0.0,Enfriando
1044.4218780994415,56.3,nan,0.0,Enfriando
1045.4557728767395,56.3,nan,0.0,Enfriando
1046.3871030807495,56.2,nan,0.0,Enfriando
1047.4667239189148,56.1,nan,0.0,Enfriando
1048.444808959961,56.1,nan,0.0,Enfriando
1049.4207260608673,56.1,nan,0.0,Enfriando
1050.457503080368,56.1,nan,0.0,Enfriando
1051.4352567195892,56.0,nan,0.0,Enfriando
1052.4733257293701,56.0,nan,0.0,Enfriando
1053.5090239048004,56.0,nan,0.0,Enfriando
1054.4922759532928,55.9,nan,0.0,Enfriando
1055.520910024643,55.8,nan,0.0,Enfriando
1056.500419139862,55.8,nan,0.0,Enfriando
1057.4976551532745,55.8,nan,0.0,Enfriando
1058.544891834259,55.8,nan,0.0,Enfriando
1059.5316319465637,55.7,nan,0.0,Enfriando
1060.5618550777435,55.7,nan,0.0,Enfriando
1061.551216840744,55.6,nan,0.0,Enfriando
1062.59592795372,55.6,nan,0.0,Enfriando
1063.533420085907,55.6,nan,0.0,Enfriando
1064.678477048874,55.5,nan,0.0,Enfriando
1065.6131598949432,55.5,nan,0.0,Enfriando
1066.5550258159637,55.5,nan,0.0,Enfriando
1067.5986938476562,55.5,nan,0.0,Enfriando
1068.643371105194,55.4,nan,0.0,Enfriando
1069.58491897583,55.4,nan,0.0,Enfriando
1070.626951932907,55.4,nan,0.0,Enfriando
1071.6654829978943,55.3,nan,0.0,Enfriando
1072.6080038547516,55.3,nan,0.0,Enfriando
1073.6396579742432,55.2,nan,0.0,Enfriando
1074.6184599399567,55.2,nan,0.0,Enfriando
1075.6454248428345,55.2,nan,0.0,Enfriando
1076.673213005066,55.1,nan,0.0,Enfriando
1077.6551020145416,55.1,nan,0.0,Enfriando
1078.6831369400024,55.1,nan,0.0,Enfriando
1079.7615370750427,55.0,nan,0.0,Enfriando
1080.6945281028748,55.0,nan,0.0,Enfriando
1081.674597978592,55.0,nan,0.0,Enfriando
1082.7084589004517,54.9,nan,0.0,Enfriando
1083.7415099143982,54.9,nan,0.0,Enfriando
1084.764713048935,54.8,nan,0.0,Enfriando
1085.695927143097,54.8,nan,0.0,Enfriando
1086.7240090370178,54.8,nan,0.0,Enfriando
1087.7599248886108,54.8,nan,0.0,Enfriando
1088.7947068214417,54.7,nan,0.0,Enfriando
1089.7298748493195,54.7,nan,0.0,Enfriando
1090.765485048294,54.6,nan,0.0,Enfriando
1091.752671957016,54.6,nan,0.0,Enfriando
1092.7913179397583,54.5,nan,0.0,Enfriando
1093.7837529182434,54.5,nan,0.0,Enfriando
1094.7761800289154,54.5,nan,0.0,Enfriando
1095.813483953476,54.4,nan,0.0,Enfriando
1096.803214788437,54.4,nan,0.0,Enfriando
1097.8537709712982,54.4,nan,0.0,Enfriando
1098.8963971138,54.4,nan,0.0,Enfriando
1099.8380019664764,54.4,nan,0.0,Enfriando
1100.8766829967499,54.3,nan,0.0,Enfriando
1101.864042043686,54.3,nan,0.0,Enfriando
1102.8437068462372,54.2,nan,0.0,Enfriando
1103.8704640865326,54.2,nan,0.0,Enfriando
1104.8524129390717,54.2,nan,0.0,Enfriando
1105.8827028274536,54.1,nan,0.0,Enfriando
1106.910567998886,54.1,nan,0.0,Enfriando
1107.8937511444092,54.0,nan,0.0,Enfriando
1108.8749849796295,54.0,nan,0.0,Enfriando
1109.9062268733978,54.0,nan,0.0,Enfriando
1110.9386250972748,53.9,nan,0.0,Enfriando
1111.9232630729675,53.8,nan,0.0,Enfriando
1112.9046199321747,53.8,nan,0.0,Enfriando
1113.9499378204346,53.8,nan,0.0,Enfriando
1114.9504780769348,53.7,nan,0.0,Enfriando
1115.9294979572296,53.7,nan,0.0,Enfriando
1116.9639039039612,53.7,nan,0.0,Enfriando
1117.9963037967682,53.6,nan,0.0,Enfriando
1118.9855999946594,53.6,nan,0.0,Enfriando
1119.9655640125275,53.5,nan,0.0,Enfriando
1121.0066430568695,53.5,nan,0.0,Enfriando
1122.0425338745117,53.5,nan,0.0,Enfriando
1123.036295890808,53.4,nan,0.0,Enfriando
1124.0247490406036,53.4,nan,0.0,Enfriando
1125.0591719150543,53.4,nan,0.0,Enfriando
1126.0383839607239,53.4,nan,0.0,Enfriando
1127.020159959793,53.3,nan,0.0,Enfriando
1128.053522825241,53.3,nan,0.0,Enfriando
1129.1001229286194,53.3,nan,0.0,Enfriando
1130.0372858047485,53.2,nan,0.0,Enfriando
1131.0713119506836,53.2,nan,0.0,Enfriando
1132.100928068161,53.2,nan,0.0,Enfriando
1133.0458130836487,53.2,nan,0.0,Enfriando
1134.0801527500153,53.1,nan,0.0,Enfriando
1135.1096148490906,53.1,nan,0.0,Enfriando
1136.1403558254242,53.0,nan,0.0,Enfriando
1137.0764920711517,53.0,nan,0.0,Enfriando
1138.1103079319,53.0,nan,0.0,Enfriando
1139.1353089809418,53.0,nan,0.0,Enfriando
1140.1650078296661,52.9,nan,0.0,Enfriando
1141.1538980007172,52.9,nan,0.0,Enfriando
1142.1391818523407,52.9,nan,0.0,Enfriando
1143.18510389328,52.8,nan,0.0,Enfriando
1144.2210240364075,52.8,nan,0.0,Enfriando
1145.2082488536835,52.8,nan,0.0,Enfriando
1146.1978130340576,52.8,nan,0.0,Enfriando
1147.184518814087,52.7,nan,0.0,Enfriando
1148.2206749916077,52.7,nan,0.0,Enfriando
1149.2545969486237,52.7,nan,0.0,Enfriando
1150.2380638122559,52.6,nan,0.0,Enfriando
1151.2248997688293,52.6,nan,0.0,Enfriando
1152.2700390815735,52.5,nan,0.0,Enfriando
1153.2633700370789,52.5,nan,0.0,Enfriando
1154.3013141155243,52.5,nan,0.0,Enfriando
1155.232349872589,52.5,nan,0.0,Enfriando
1156.265555858612,52.5,nan,0.0,Enfriando
1157.299798965454,52.4,nan,0.0,Enfriando
1158.3262977600098,52.3,nan,0.0,Enfriando
1159.3089399337769,52.3,nan,0.0,Enfriando
1160.3422238826752,52.3,nan,0.0,Enfriando
1161.2723348140717,52.2,nan,0.0,Enfriando
1162.3049547672272,52.2,nan,0.0,Enfriando
1163.3431990146637,52.2,nan,0.0,Enfriando
1164.375030040741,52.2,nan,0.0,Enfriando
1165.3615500926971,52.1,nan,0.0,Enfriando
1166.355670928955,52.1,nan,0.0,Enfriando
1167.3308908939362,52.0,nan,0.0,Enfriando
1168.4121289253235,52.0,nan,0.0,Enfriando
1169.4481327533722,51.9,nan,0.0,Enfriando
1170.4770607948303,51.9,nan,0.0,Enfriando
1171.4657390117645,51.9,nan,0.0,Enfriando
1172.4491708278656,51.9,nan,0.0,Enfriando
1173.4758369922638,51.8,nan,0.0,Enfriando
1174.5031838417053,51.8,nan,0.0,Enfriando
1175.4458379745483,51.7,nan,0.0,Enfriando
1176.4426808357239,51.7,nan,0.0,Enfriando
1177.4306230545044,51.7,nan,0.0,Enfriando
1178.4728379249573,51.6,nan,0.0,Enfriando
1179.4490010738373,51.7,nan,0.0,Enfriando
1180.5248818397522,51.6,nan,0.0,Enfriando
1181.5072567462921,51.6,nan,0.0,Enfriando
1182.4816808700562,51.6,nan,0.0,Enfriando
1183.5761950016022,51.5,nan,0.0,Enfriando
1184.5658340454102,51.5,nan,0.0,Enfriando
1185.5458869934082,51.5,nan,0.0,Enfriando
1186.47691488266,51.4,nan,0.0,Enfriando
1187.4661259651184,51.4,nan,0.0,Enfriando
1188.501548051834,51.4,nan,0.0,Enfriando
1189.536045074463,51.4,nan,0.0,Enfriando
1190.4744629859924,51.3,nan,0.0,Enfriando
1191.5181469917297,51.3,nan,0.0,Enfriando
1192.5540239810944,51.2,nan,0.0,Enfriando
1193.5364208221436,51.2,nan,0.0,Enfriando
1194.5238630771637,51.2,nan,0.0,Enfriando
1195.5132229328156,51.2,nan,0.0,Enfriando
1196.5509157180786,51.2,nan,0.0,Enfriando
1197.5788989067078,51.2,nan,0.0,Enfriando
1198.5255799293518,51.1,nan,0.0,Enfriando
1199.5652611255646,51.1,nan,0.0,Enfriando
1200.5510079860687,51.1,nan,0.0,Enfriando
1201.5848770141602,51.0,nan,0.0,Enfriando
1202.6172919273376,51.0,nan,0.0,Enfriando
1203.5432579517365,50.9,nan,0.0,Enfriando
1204.5763778686523,50.9,nan,0.0,Enfriando
1205.6244778633118,50.9,nan,0.0,Enfriando
1206.5616688728333,50.9,nan,0.0,Enfriando
1207.6497218608856,50.8,nan,0.0,Enfriando
1208.6313138008118,50.8,nan,0.0,Enfriando
1209.6161069869995,50.8,nan,0.0,Enfriando
1210.643767118454,50.8,nan,0.0,Enfriando
1211.6291778087616,50.8,nan,0.0,Enfriando
1212.613075017929,50.8,nan,0.0,Enfriando
1213.6575019359589,50.7,nan,0.0,Enfriando
1214.6925990581512,50.7,nan,0.0,Enfriando
1215.6237330436707,50.7,nan,0.0,Enfriando
1216.6622138023376,50.6,nan,0.0,Enfriando
1217.6461157798767,50.6,nan,0.0,Enfriando
1218.6263120174408,50.5,nan,0.0,Enfriando
1219.6594569683075,50.5,nan,0.0,Enfriando
1220.6910049915314,50.5,nan,0.0,Enfriando
1221.6718831062317,50.4,nan,0.0,Enfriando
1222.712964773178,50.4,nan,0.0,Enfriando
1223.7010638713837,50.4,nan,0.0,Enfriando
1224.736979007721,50.4,nan,0.0,Enfriando
1225.7175118923187,50.3,nan,0.0,Enfriando
1226.7542479038239,50.3,nan,0.0,Enfriando
1227.7986829280853,50.3,nan,0.0,Enfriando
1228.7874927520752,50.3,nan,0.0,Enfriando
1229.7918479442596,50.3,nan,0.0,Enfriando
1230.784119129181,50.2,nan,0.0,Enfriando
1231.7725579738617,50.2,nan,0.0,Enfriando
1232.809476852417,50.2,nan,0.0,Enfriando
1233.8353700637817,50.1,nan,0.0,Enfriando
1234.8144991397858,50.1,nan,0.0,Enfriando
1235.843876838684,50.1,nan,0.0,Enfriando
1236.8251888751984,50.1,nan,0.0,Enfriando
1237.8165781497955,50.1,nan,0.0,Enfriando
1237.931223154068,50.0,nan,0.0,Terminado
